Record Length,2.500000e+03,,   0.004337000000,  -1.08000,
Sample Interval,1.000000e-07,,   0.004337100000,  -1.12000,
Trigger Point,-4.337000000000e+04,,   0.004337200000,  -1.08000,
,,,   0.004337300000,  -1.12000,
,,,   0.004337400000,  -1.12000,
,,,   0.004337500000,  -1.08000,
Source,MATH,,   0.004337600000,  -1.08000,
Vertical Units,U,,   0.004337700000,  -1.12000,
Vertical Scale,0.000000e+00,,   0.004337800000,  -1.12000,
Vertical Offset,-4.000000e-02,,   0.004337900000,  -1.20000,
Horizontal Units,s,,   0.004338000000,  -1.16000,
Horizontal Scale,2.500000e-05,,   0.004338100000,  -1.12000,
Pt Fmt,Y,,   0.004338200000,  -1.12000,
Yzero,0.000000e+00,,   0.004338300000,  -1.16000,
Probe Atten,1.000000e+01,,   0.004338400000,  -1.12000,
Firmware Version,FV:v6.08,,   0.004338500000,  -1.12000,
,,,0.004338600000,  -1.16000,
,,,0.004338700000,  -1.08000,
,,,0.004338800000,  -1.20000,
,,,0.004338900000,  -1.16000,
,,,0.004339000000,  -1.16000,
,,,0.004339100000,  -1.16000,
,,,0.004339200000,  -1.16000,
,,,0.004339300000,  -1.20000,
,,,0.004339400000,  -1.16000,
,,,0.004339500000,  -1.20000,
,,,0.004339600000,  -1.20000,
,,,0.004339700000,  -1.24000,
,,,0.004339800000,  -1.20000,
,,,0.004339900000,  -1.20000,
,,,0.004340000000,  -1.20000,
,,,0.004340100000,  -1.16000,
,,,0.004340200000,  -1.20000,
,,,0.004340300000,  -1.16000,
,,,0.004340400000,  -1.20000,
,,,0.004340500000,  -1.16000,
,,,0.004340600000,  -1.20000,
,,,0.004340700000,  -1.24000,
,,,0.004340800000,  -1.24000,
,,,0.004340900000,  -1.20000,
,,,0.004341000000,  -1.24000,
,,,0.004341100000,  -1.24000,
,,,0.004341200000,  -1.24000,
,,,0.004341300000,  -1.20000,
,,,0.004341400000,  -1.28000,
,,,0.004341500000,  -1.20000,
,,,0.004341600000,  -1.24000,
,,,0.004341700000,  -1.20000,
,,,0.004341800000,  -1.28000,
,,,0.004341900000,  -1.24000,
,,,0.004342000000,  -1.28000,
,,,0.004342100000,  -1.20000,
,,,0.004342200000,  -1.32000,
,,,0.004342300000,  -1.32000,
,,,0.004342400000,  -1.28000,
,,,0.004342500000,  -1.24000,
,,,0.004342600000,  -1.24000,
,,,0.004342700000,  -1.24000,
,,,0.004342800000,  -1.32000,
,,,0.004342900000,  -1.20000,
,,,0.004343000000,  -1.20000,
,,,0.004343100000,  -1.32000,
,,,0.004343200000,  -1.24000,
,,,0.004343300000,  -1.32000,
,,,0.004343400000,  -1.28000,
,,,0.004343500000,  -1.32000,
,,,0.004343600000,  -1.28000,
,,,0.004343700000,  -1.28000,
,,,0.004343800000,  -1.28000,
,,,0.004343900000,  -1.28000,
,,,0.004344000000,  -1.36000,
,,,0.004344100000,  -1.32000,
,,,0.004344200000,  -1.32000,
,,,0.004344300000,  -1.28000,
,,,0.004344400000,  -1.28000,
,,,0.004344500000,  -1.44000,
,,,0.004344600000,  -1.32000,
,,,0.004344700000,  -1.28000,
,,,0.004344800000,  -1.32000,
,,,0.004344900000,  -1.24000,
,,,0.004345000000,  -1.36000,
,,,0.004345100000,  -1.36000,
,,,0.004345200000,  -1.32000,
,,,0.004345300000,  -1.40000,
,,,0.004345400000,  -1.24000,
,,,0.004345500000,  -1.36000,
,,,0.004345600000,  -1.36000,
,,,0.004345700000,  -1.36000,
,,,0.004345800000,  -1.40000,
,,,0.004345900000,  -1.40000,
,,,0.004346000000,  -1.36000,
,,,0.004346100000,  -1.36000,
,,,0.004346200000,  -1.28000,
,,,0.004346300000,  -1.44000,
,,,0.004346400000,  -1.28000,
,,,0.004346500000,  -1.36000,
,,,0.004346600000,  -1.36000,
,,,0.004346700000,  -1.36000,
,,,0.004346800000,  -1.40000,
,,,0.004346900000,  -1.40000,
,,,0.004347000000,  -1.40000,
,,,0.004347100000,  -1.32000,
,,,0.004347200000,  -1.32000,
,,,0.004347300000,  -1.40000,
,,,0.004347400000,  -1.32000,
,,,0.004347500000,  -1.40000,
,,,0.004347600000,  -1.44000,
,,,0.004347700000,  -1.36000,
,,,0.004347800000,  -1.40000,
,,,0.004347900000,  -1.40000,
,,,0.004348000000,  -1.40000,
,,,0.004348100000,  -1.40000,
,,,0.004348200000,  -1.40000,
,,,0.004348300000,  -1.40000,
,,,0.004348400000,  -1.40000,
,,,0.004348500000,  -1.40000,
,,,0.004348600000,  -1.40000,
,,,0.004348700000,  -1.44000,
,,,0.004348800000,  -1.40000,
,,,0.004348900000,  -1.44000,
,,,0.004349000000,  -1.36000,
,,,0.004349100000,  -1.40000,
,,,0.004349200000,  -1.40000,
,,,0.004349300000,  -1.44000,
,,,0.004349400000,  -1.40000,
,,,0.004349500000,  -1.44000,
,,,0.004349600000,  -1.40000,
,,,0.004349700000,  -1.40000,
,,,0.004349800000,  -1.40000,
,,,0.004349900000,  -1.48000,
,,,0.004350000000,  -1.44000,
,,,0.004350100000,  -1.44000,
,,,0.004350200000,  -1.40000,
,,,0.004350300000,  -1.36000,
,,,0.004350400000,  -1.44000,
,,,0.004350500000,  -1.44000,
,,,0.004350600000,  -1.44000,
,,,0.004350700000,  -1.40000,
,,,0.004350800000,  -1.40000,
,,,0.004350900000,  -1.44000,
,,,0.004351000000,  -1.44000,
,,,0.004351100000,  -1.52000,
,,,0.004351200000,  -1.44000,
,,,0.004351300000,  -1.52000,
,,,0.004351400000,  -1.40000,
,,,0.004351500000,  -1.44000,
,,,0.004351600000,  -1.44000,
,,,0.004351700000,  -1.48000,
,,,0.004351800000,  -1.40000,
,,,0.004351900000,  -1.44000,
,,,0.004352000000,  -1.40000,
,,,0.004352100000,  -1.40000,
,,,0.004352200000,  -1.52000,
,,,0.004352300000,  -1.44000,
,,,0.004352400000,  -1.36000,
,,,0.004352500000,  -1.48000,
,,,0.004352600000,  -1.48000,
,,,0.004352700000,  -1.44000,
,,,0.004352800000,  -1.48000,
,,,0.004352900000,  -1.40000,
,,,0.004353000000,  -1.48000,
,,,0.004353100000,  -1.48000,
,,,0.004353200000,  -1.44000,
,,,0.004353300000,  -1.52000,
,,,0.004353400000,  -1.48000,
,,,0.004353500000,  -1.48000,
,,,0.004353600000,  -1.52000,
,,,0.004353700000,  -1.48000,
,,,0.004353800000,  -1.48000,
,,,0.004353900000,  -1.52000,
,,,0.004354000000,  -1.48000,
,,,0.004354100000,  -1.52000,
,,,0.004354200000,  -1.44000,
,,,0.004354300000,  -1.44000,
,,,0.004354400000,  -1.56000,
,,,0.004354500000,  -1.52000,
,,,0.004354600000,  -1.44000,
,,,0.004354700000,  -1.52000,
,,,0.004354800000,  -1.40000,
,,,0.004354900000,  -1.48000,
,,,0.004355000000,  -1.48000,
,,,0.004355100000,  -1.52000,
,,,0.004355200000,  -1.48000,
,,,0.004355300000,  -1.48000,
,,,0.004355400000,  -1.48000,
,,,0.004355500000,  -1.48000,
,,,0.004355600000,  -1.44000,
,,,0.004355700000,  -1.56000,
,,,0.004355800000,  -1.56000,
,,,0.004355900000,  -1.48000,
,,,0.004356000000,  -1.52000,
,,,0.004356100000,  -1.48000,
,,,0.004356200000,  -1.56000,
,,,0.004356300000,  -1.48000,
,,,0.004356400000,  -1.48000,
,,,0.004356500000,  -1.52000,
,,,0.004356600000,  -1.48000,
,,,0.004356700000,  -1.48000,
,,,0.004356800000,  -1.48000,
,,,0.004356900000,  -1.48000,
,,,0.004357000000,  -1.52000,
,,,0.004357100000,  -1.48000,
,,,0.004357200000,  -1.52000,
,,,0.004357300000,  -1.52000,
,,,0.004357400000,  -1.56000,
,,,0.004357500000,  -1.52000,
,,,0.004357600000,  -1.56000,
,,,0.004357700000,  -1.56000,
,,,0.004357800000,  -1.48000,
,,,0.004357900000,  -1.52000,
,,,0.004358000000,  -1.56000,
,,,0.004358100000,  -1.52000,
,,,0.004358200000,  -1.52000,
,,,0.004358300000,  -1.48000,
,,,0.004358400000,  -1.52000,
,,,0.004358500000,  -1.52000,
,,,0.004358600000,  -1.48000,
,,,0.004358700000,  -1.56000,
,,,0.004358800000,  -1.60000,
,,,0.004358900000,  -1.52000,
,,,0.004359000000,  -1.56000,
,,,0.004359100000,  -1.52000,
,,,0.004359200000,  -1.56000,
,,,0.004359300000,  -1.52000,
,,,0.004359400000,  -1.48000,
,,,0.004359500000,  -1.52000,
,,,0.004359600000,  -1.56000,
,,,0.004359700000,  -1.56000,
,,,0.004359800000,  -1.60000,
,,,0.004359900000,  -1.56000,
,,,0.004360000000,  -1.56000,
,,,0.004360100000,  -1.60000,
,,,0.004360200000,  -1.52000,
,,,0.004360300000,  -1.56000,
,,,0.004360400000,  -1.44000,
,,,0.004360500000,  -1.52000,
,,,0.004360600000,  -1.56000,
,,,0.004360700000,  -1.52000,
,,,0.004360800000,  -1.52000,
,,,0.004360900000,  -1.56000,
,,,0.004361000000,  -1.56000,
,,,0.004361100000,  -1.48000,
,,,0.004361200000,  -1.60000,
,,,0.004361300000,  -1.48000,
,,,0.004361400000,  -1.52000,
,,,0.004361500000,  -1.52000,
,,,0.004361600000,  -1.56000,
,,,0.004361700000,  -1.48000,
,,,0.004361800000,  -1.52000,
,,,0.004361900000,  -1.52000,
,,,0.004362000000,  -1.56000,
,,,0.004362100000,  -1.60000,
,,,0.004362200000,  -1.56000,
,,,0.004362300000,  -1.48000,
,,,0.004362400000,  -1.52000,
,,,0.004362500000,  -1.56000,
,,,0.004362600000,  -1.52000,
,,,0.004362700000,  -1.52000,
,,,0.004362800000,  -1.48000,
,,,0.004362900000,  -1.52000,
,,,0.004363000000,  -1.52000,
,,,0.004363100000,  -1.52000,
,,,0.004363200000,  -1.56000,
,,,0.004363300000,  -1.52000,
,,,0.004363400000,  -1.48000,
,,,0.004363500000,  -1.56000,
,,,0.004363600000,  -1.56000,
,,,0.004363700000,  -1.56000,
,,,0.004363800000,  -1.56000,
,,,0.004363900000,  -1.56000,
,,,0.004364000000,  -1.52000,
,,,0.004364100000,  -1.52000,
,,,0.004364200000,  -1.52000,
,,,0.004364300000,  -1.56000,
,,,0.004364400000,  -1.60000,
,,,0.004364500000,  -1.44000,
,,,0.004364600000,  -1.52000,
,,,0.004364700000,  -1.48000,
,,,0.004364800000,  -1.48000,
,,,0.004364900000,  -1.52000,
,,,0.004365000000,  -1.52000,
,,,0.004365100000,  -1.52000,
,,,0.004365200000,  -1.52000,
,,,0.004365300000,  -1.48000,
,,,0.004365400000,  -1.56000,
,,,0.004365500000,  -1.48000,
,,,0.004365600000,  -1.52000,
,,,0.004365700000,  -1.52000,
,,,0.004365800000,  -1.56000,
,,,0.004365900000,  -1.56000,
,,,0.004366000000,  -1.52000,
,,,0.004366100000,  -1.56000,
,,,0.004366200000,  -1.56000,
,,,0.004366300000,  -1.48000,
,,,0.004366400000,  -1.56000,
,,,0.004366500000,  -1.52000,
,,,0.004366600000,  -1.44000,
,,,0.004366700000,  -1.48000,
,,,0.004366800000,  -1.52000,
,,,0.004366900000,  -1.48000,
,,,0.004367000000,  -1.44000,
,,,0.004367100000,  -1.48000,
,,,0.004367200000,  -1.48000,
,,,0.004367300000,  -1.48000,
,,,0.004367400000,  -1.48000,
,,,0.004367500000,  -1.40000,
,,,0.004367600000,  -1.52000,
,,,0.004367700000,  -1.48000,
,,,0.004367800000,  -1.48000,
,,,0.004367900000,  -1.52000,
,,,0.004368000000,  -1.48000,
,,,0.004368100000,  -1.52000,
,,,0.004368200000,  -1.48000,
,,,0.004368300000,  -1.48000,
,,,0.004368400000,  -1.52000,
,,,0.004368500000,  -1.48000,
,,,0.004368600000,  -1.48000,
,,,0.004368700000,  -1.60000,
,,,0.004368800000,  -1.52000,
,,,0.004368900000,  -1.52000,
,,,0.004369000000,  -1.48000,
,,,0.004369100000,  -1.52000,
,,,0.004369200000,  -1.44000,
,,,0.004369300000,  -1.52000,
,,,0.004369400000,  -1.48000,
,,,0.004369500000,  -1.48000,
,,,0.004369600000,  -1.48000,
,,,0.004369700000,  -1.52000,
,,,0.004369800000,  -1.44000,
,,,0.004369900000,  -1.44000,
,,,0.004370000000,  -1.48000,
,,,0.004370100000,  -1.48000,
,,,0.004370200000,  -1.52000,
,,,0.004370300000,  -1.40000,
,,,0.004370400000,  -1.48000,
,,,0.004370500000,  -1.48000,
,,,0.004370600000,  -1.44000,
,,,0.004370700000,  -1.48000,
,,,0.004370800000,  -1.48000,
,,,0.004370900000,  -1.48000,
,,,0.004371000000,  -1.40000,
,,,0.004371100000,  -1.48000,
,,,0.004371200000,  -1.44000,
,,,0.004371300000,  -1.44000,
,,,0.004371400000,  -1.48000,
,,,0.004371500000,  -1.44000,
,,,0.004371600000,  -1.44000,
,,,0.004371700000,  -1.48000,
,,,0.004371800000,  -1.40000,
,,,0.004371900000,  -1.40000,
,,,0.004372000000,  -1.44000,
,,,0.004372100000,  -1.44000,
,,,0.004372200000,  -1.44000,
,,,0.004372300000,  -1.40000,
,,,0.004372400000,  -1.48000,
,,,0.004372500000,  -1.44000,
,,,0.004372600000,  -1.40000,
,,,0.004372700000,  -1.44000,
,,,0.004372800000,  -1.44000,
,,,0.004372900000,  -1.44000,
,,,0.004373000000,  -1.40000,
,,,0.004373100000,  -1.48000,
,,,0.004373200000,  -1.44000,
,,,0.004373300000,  -1.48000,
,,,0.004373400000,  -1.44000,
,,,0.004373500000,  -1.40000,
,,,0.004373600000,  -1.48000,
,,,0.004373700000,  -1.44000,
,,,0.004373800000,  -1.44000,
,,,0.004373900000,  -1.44000,
,,,0.004374000000,  -1.36000,
,,,0.004374100000,  -1.40000,
,,,0.004374200000,  -1.44000,
,,,0.004374300000,  -1.28000,
,,,0.004374400000,  -1.32000,
,,,0.004374500000,  -1.40000,
,,,0.004374600000,  -1.36000,
,,,0.004374700000,  -1.40000,
,,,0.004374800000,  -1.40000,
,,,0.004374900000,  -1.40000,
,,,0.004375000000,  -1.40000,
,,,0.004375100000,  -1.36000,
,,,0.004375200000,  -1.32000,
,,,0.004375300000,  -1.40000,
,,,0.004375400000,  -1.36000,
,,,0.004375500000,  -1.44000,
,,,0.004375600000,  -1.44000,
,,,0.004375700000,  -1.36000,
,,,0.004375800000,  -1.40000,
,,,0.004375900000,  -1.28000,
,,,0.004376000000,  -1.44000,
,,,0.004376100000,  -1.44000,
,,,0.004376200000,  -1.28000,
,,,0.004376300000,  -1.36000,
,,,0.004376400000,  -1.32000,
,,,0.004376500000,  -1.32000,
,,,0.004376600000,  -1.32000,
,,,0.004376700000,  -1.28000,
,,,0.004376800000,  -1.36000,
,,,0.004376900000,  -1.36000,
,,,0.004377000000,  -1.36000,
,,,0.004377100000,  -1.32000,
,,,0.004377200000,  -1.36000,
,,,0.004377300000,  -1.36000,
,,,0.004377400000,  -1.32000,
,,,0.004377500000,  -1.36000,
,,,0.004377600000,  -1.28000,
,,,0.004377700000,  -1.36000,
,,,0.004377800000,  -1.32000,
,,,0.004377900000,  -1.36000,
,,,0.004378000000,  -1.36000,
,,,0.004378100000,  -1.36000,
,,,0.004378200000,  -1.28000,
,,,0.004378300000,  -1.28000,
,,,0.004378400000,  -1.32000,
,,,0.004378500000,  -1.32000,
,,,0.004378600000,  -1.28000,
,,,0.004378700000,  -1.24000,
,,,0.004378800000,  -1.28000,
,,,0.004378900000,  -1.24000,
,,,0.004379000000,  -1.28000,
,,,0.004379100000,  -1.28000,
,,,0.004379200000,  -1.32000,
,,,0.004379300000,  -1.28000,
,,,0.004379400000,  -1.32000,
,,,0.004379500000,  -1.28000,
,,,0.004379600000,  -1.28000,
,,,0.004379700000,  -1.32000,
,,,0.004379800000,  -1.32000,
,,,0.004379900000,  -1.28000,
,,,0.004380000000,  -1.28000,
,,,0.004380100000,  -1.28000,
,,,0.004380200000,  -1.24000,
,,,0.004380300000,  -1.32000,
,,,0.004380400000,  -1.36000,
,,,0.004380500000,  -1.28000,
,,,0.004380600000,  -1.24000,
,,,0.004380700000,  -1.24000,
,,,0.004380800000,  -1.32000,
,,,0.004380900000,  -1.20000,
,,,0.004381000000,  -1.32000,
,,,0.004381100000,  -1.28000,
,,,0.004381200000,  -1.24000,
,,,0.004381300000,  -1.24000,
,,,0.004381400000,  -1.24000,
,,,0.004381500000,  -1.20000,
,,,0.004381600000,  -1.20000,
,,,0.004381700000,  -1.24000,
,,,0.004381800000,  -1.24000,
,,,0.004381900000,  -1.24000,
,,,0.004382000000,  -1.28000,
,,,0.004382100000,  -1.20000,
,,,0.004382200000,  -1.20000,
,,,0.004382300000,  -1.20000,
,,,0.004382400000,  -1.12000,
,,,0.004382500000,  -1.12000,
,,,0.004382600000,  -1.12000,
,,,0.004382700000,  -1.24000,
,,,0.004382800000,  -1.16000,
,,,0.004382900000,  -1.16000,
,,,0.004383000000,  -1.16000,
,,,0.004383100000,  -1.20000,
,,,0.004383200000,  -1.20000,
,,,0.004383300000,  -1.20000,
,,,0.004383400000,  -1.16000,
,,,0.004383500000,  -1.16000,
,,,0.004383600000,  -1.12000,
,,,0.004383700000,  -1.16000,
,,,0.004383800000,  -1.20000,
,,,0.004383900000,  -1.16000,
,,,0.004384000000,  -1.12000,
,,,0.004384100000,  -1.16000,
,,,0.004384200000,  -1.20000,
,,,0.004384300000,  -1.08000,
,,,0.004384400000,  -1.12000,
,,,0.004384500000,  -1.08000,
,,,0.004384600000,  -1.16000,
,,,0.004384700000,  -1.16000,
,,,0.004384800000,  -1.20000,
,,,0.004384900000,  -1.12000,
,,,0.004385000000,  -1.08000,
,,,0.004385100000,  -1.16000,
,,,0.004385200000,  -1.08000,
,,,0.004385300000,  -1.12000,
,,,0.004385400000,  -1.16000,
,,,0.004385500000,  -1.08000,
,,,0.004385600000,  -1.12000,
,,,0.004385700000,  -1.08000,
,,,0.004385800000,  -1.08000,
,,,0.004385900000,  -1.12000,
,,,0.004386000000,  -1.04000,
,,,0.004386100000,  -1.04000,
,,,0.004386200000,  -1.08000,
,,,0.004386300000,  -1.12000,
,,,0.004386400000,  -1.08000,
,,,0.004386500000,  -1.08000,
,,,0.004386600000,  -1.08000,
,,,0.004386700000,  -1.08000,
,,,0.004386800000,  -1.08000,
,,,0.004386900000,  -1.08000,
,,,0.004387000000,  -1.00000,
,,,0.004387100000,  -1.04000,
,,,0.004387200000,  -1.04000,
,,,0.004387300000,  -1.04000,
,,,0.004387400000,  -1.04000,
,,,0.004387500000,  -0.96000,
,,,0.004387600000,  -1.04000,
,,,0.004387700000,  -1.08000,
,,,0.004387800000,  -1.08000,
,,,0.004387900000,  -1.12000,
,,,0.004388000000,  -1.00000,
,,,0.004388100000,  -1.00000,
,,,0.004388200000,  -1.04000,
,,,0.004388300000,  -1.04000,
,,,0.004388400000,  -1.04000,
,,,0.004388500000,  -1.00000,
,,,0.004388600000,  -1.00000,
,,,0.004388700000,  -1.04000,
,,,0.004388800000,  -1.04000,
,,,0.004388900000,  -1.00000,
,,,0.004389000000,  -1.04000,
,,,0.004389100000,  -0.96000,
,,,0.004389200000,  -0.96000,
,,,0.004389300000,  -1.00000,
,,,0.004389400000,  -1.00000,
,,,0.004389500000,  -1.04000,
,,,0.004389600000,  -0.96000,
,,,0.004389700000,  -0.96000,
,,,0.004389800000,  -0.92000,
,,,0.004389900000,  -0.96000,
,,,0.004390000000,  -0.96000,
,,,0.004390100000,  -0.96000,
,,,0.004390200000,  -0.96000,
,,,0.004390300000,  -0.96000,
,,,0.004390400000,  -0.92000,
,,,0.004390500000,  -0.92000,
,,,0.004390600000,  -0.92000,
,,,0.004390700000,  -0.92000,
,,,0.004390800000,  -0.92000,
,,,0.004390900000,  -0.92000,
,,,0.004391000000,  -0.96000,
,,,0.004391100000,  -0.92000,
,,,0.004391200000,  -0.92000,
,,,0.004391300000,  -0.88000,
,,,0.004391400000,  -0.84000,
,,,0.004391500000,  -0.84000,
,,,0.004391600000,  -0.92000,
,,,0.004391700000,  -0.88000,
,,,0.004391800000,  -0.92000,
,,,0.004391900000,  -0.88000,
,,,0.004392000000,  -0.88000,
,,,0.004392100000,  -0.84000,
,,,0.004392200000,  -0.88000,
,,,0.004392300000,  -0.88000,
,,,0.004392400000,  -0.84000,
,,,0.004392500000,  -0.84000,
,,,0.004392600000,  -0.88000,
,,,0.004392700000,  -0.84000,
,,,0.004392800000,  -0.84000,
,,,0.004392900000,  -0.84000,
,,,0.004393000000,  -0.80000,
,,,0.004393100000,  -0.84000,
,,,0.004393200000,  -0.88000,
,,,0.004393300000,  -0.84000,
,,,0.004393400000,  -0.84000,
,,,0.004393500000,  -0.84000,
,,,0.004393600000,  -0.88000,
,,,0.004393700000,  -0.84000,
,,,0.004393800000,  -0.72000,
,,,0.004393900000,  -0.84000,
,,,0.004394000000,  -0.80000,
,,,0.004394100000,  -0.76000,
,,,0.004394200000,  -0.76000,
,,,0.004394300000,  -0.76000,
,,,0.004394400000,  -0.72000,
,,,0.004394500000,  -0.80000,
,,,0.004394600000,  -0.80000,
,,,0.004394700000,  -0.72000,
,,,0.004394800000,  -0.72000,
,,,0.004394900000,  -0.76000,
,,,0.004395000000,  -0.80000,
,,,0.004395100000,  -0.76000,
,,,0.004395200000,  -0.80000,
,,,0.004395300000,  -0.76000,
,,,0.004395400000,  -0.76000,
,,,0.004395500000,  -0.80000,
,,,0.004395600000,  -0.68000,
,,,0.004395700000,  -0.76000,
,,,0.004395800000,  -0.72000,
,,,0.004395900000,  -0.72000,
,,,0.004396000000,  -0.72000,
,,,0.004396100000,  -0.76000,
,,,0.004396200000,  -0.72000,
,,,0.004396300000,  -0.76000,
,,,0.004396400000,  -0.68000,
,,,0.004396500000,  -0.68000,
,,,0.004396600000,  -0.64000,
,,,0.004396700000,  -0.68000,
,,,0.004396800000,  -0.72000,
,,,0.004396900000,  -0.56000,
,,,0.004397000000,  -0.72000,
,,,0.004397100000,  -0.72000,
,,,0.004397200000,  -0.60000,
,,,0.004397300000,  -0.68000,
,,,0.004397400000,  -0.64000,
,,,0.004397500000,  -0.68000,
,,,0.004397600000,  -0.64000,
,,,0.004397700000,  -0.68000,
,,,0.004397800000,  -0.60000,
,,,0.004397900000,  -0.68000,
,,,0.004398000000,  -0.68000,
,,,0.004398100000,  -0.56000,
,,,0.004398200000,  -0.64000,
,,,0.004398300000,  -0.60000,
,,,0.004398400000,  -0.56000,
,,,0.004398500000,  -0.64000,
,,,0.004398600000,  -0.60000,
,,,0.004398700000,  -0.56000,
,,,0.004398800000,  -0.52000,
,,,0.004398900000,  -0.60000,
,,,0.004399000000,  -0.60000,
,,,0.004399100000,  -0.56000,
,,,0.004399200000,  -0.56000,
,,,0.004399300000,  -0.60000,
,,,0.004399400000,  -0.56000,
,,,0.004399500000,  -0.56000,
,,,0.004399600000,  -0.60000,
,,,0.004399700000,  -0.56000,
,,,0.004399800000,  -0.60000,
,,,0.004399900000,  -0.48000,
,,,0.004400000000,  -0.52000,
,,,0.004400100000,  -0.52000,
,,,0.004400200000,  -0.52000,
,,,0.004400300000,  -0.48000,
,,,0.004400400000,  -0.44000,
,,,0.004400500000,  -0.52000,
,,,0.004400600000,  -0.56000,
,,,0.004400700000,  -0.48000,
,,,0.004400800000,  -0.52000,
,,,0.004400900000,  -0.48000,
,,,0.004401000000,  -0.52000,
,,,0.004401100000,  -0.44000,
,,,0.004401200000,  -0.52000,
,,,0.004401300000,  -0.44000,
,,,0.004401400000,  -0.44000,
,,,0.004401500000,  -0.44000,
,,,0.004401600000,  -0.48000,
,,,0.004401700000,  -0.52000,
,,,0.004401800000,  -0.48000,
,,,0.004401900000,  -0.40000,
,,,0.004402000000,  -0.44000,
,,,0.004402100000,  -0.48000,
,,,0.004402200000,  -0.48000,
,,,0.004402300000,  -0.36000,
,,,0.004402400000,  -0.40000,
,,,0.004402500000,  -0.48000,
,,,0.004402600000,  -0.44000,
,,,0.004402700000,  -0.40000,
,,,0.004402800000,  -0.40000,
,,,0.004402900000,  -0.36000,
,,,0.004403000000,  -0.36000,
,,,0.004403100000,  -0.40000,
,,,0.004403200000,  -0.40000,
,,,0.004403300000,  -0.40000,
,,,0.004403400000,  -0.36000,
,,,0.004403500000,  -0.40000,
,,,0.004403600000,  -0.44000,
,,,0.004403700000,  -0.32000,
,,,0.004403800000,  -0.32000,
,,,0.004403900000,  -0.40000,
,,,0.004404000000,  -0.36000,
,,,0.004404100000,  -0.36000,
,,,0.004404200000,  -0.36000,
,,,0.004404300000,  -0.32000,
,,,0.004404400000,  -0.36000,
,,,0.004404500000,  -0.36000,
,,,0.004404600000,  -0.32000,
,,,0.004404700000,  -0.36000,
,,,0.004404800000,  -0.36000,
,,,0.004404900000,  -0.36000,
,,,0.004405000000,  -0.32000,
,,,0.004405100000,  -0.28000,
,,,0.004405200000,  -0.28000,
,,,0.004405300000,  -0.36000,
,,,0.004405400000,  -0.28000,
,,,0.004405500000,  -0.24000,
,,,0.004405600000,  -0.20000,
,,,0.004405700000,  -0.36000,
,,,0.004405800000,  -0.28000,
,,,0.004405900000,  -0.24000,
,,,0.004406000000,  -0.36000,
,,,0.004406100000,  -0.28000,
,,,0.004406200000,  -0.20000,
,,,0.004406300000,  -0.24000,
,,,0.004406400000,  -0.28000,
,,,0.004406500000,  -0.20000,
,,,0.004406600000,  -0.20000,
,,,0.004406700000,  -0.24000,
,,,0.004406800000,  -0.20000,
,,,0.004406900000,  -0.28000,
,,,0.004407000000,  -0.24000,
,,,0.004407100000,  -0.20000,
,,,0.004407200000,  -0.28000,
,,,0.004407300000,  -0.20000,
,,,0.004407400000,  -0.24000,
,,,0.004407500000,  -0.20000,
,,,0.004407600000,  -0.24000,
,,,0.004407700000,  -0.20000,
,,,0.004407800000,  -0.16000,
,,,0.004407900000,  -0.16000,
,,,0.004408000000,  -0.20000,
,,,0.004408100000,  -0.24000,
,,,0.004408200000,  -0.16000,
,,,0.004408300000,  -0.12000,
,,,0.004408400000,  -0.12000,
,,,0.004408500000,  -0.20000,
,,,0.004408600000,  -0.12000,
,,,0.004408700000,  -0.12000,
,,,0.004408800000,  -0.12000,
,,,0.004408900000,  -0.16000,
,,,0.004409000000,  -0.16000,
,,,0.004409100000,  -0.16000,
,,,0.004409200000,  -0.12000,
,,,0.004409300000,  -0.16000,
,,,0.004409400000,  -0.08000,
,,,0.004409500000,  -0.08000,
,,,0.004409600000,  -0.08000,
,,,0.004409700000,  -0.08000,
,,,0.004409800000,  -0.12000,
,,,0.004409900000,  -0.08000,
,,,0.004410000000,  -0.12000,
,,,0.004410100000,  -0.08000,
,,,0.004410200000,  -0.12000,
,,,0.004410300000,   0.00000,
,,,0.004410400000,   0.00000,
,,,0.004410500000,  -0.04000,
,,,0.004410600000,  -0.08000,
,,,0.004410700000,  -0.08000,
,,,0.004410800000,   0.00000,
,,,0.004410900000,   0.00000,
,,,0.004411000000,   0.00000,
,,,0.004411100000,  -0.04000,
,,,0.004411200000,  -0.04000,
,,,0.004411300000,   0.04000,
,,,0.004411400000,   0.00000,
,,,0.004411500000,   0.00000,
,,,0.004411600000,  -0.04000,
,,,0.004411700000,  -0.08000,
,,,0.004411800000,   0.08000,
,,,0.004411900000,   0.00000,
,,,0.004412000000,   0.00000,
,,,0.004412100000,   0.00000,
,,,0.004412200000,   0.04000,
,,,0.004412300000,   0.00000,
,,,0.004412400000,   0.00000,
,,,0.004412500000,   0.04000,
,,,0.004412600000,  -0.04000,
,,,0.004412700000,   0.04000,
,,,0.004412800000,   0.04000,
,,,0.004412900000,   0.08000,
,,,0.004413000000,   0.08000,
,,,0.004413100000,   0.08000,
,,,0.004413200000,   0.08000,
,,,0.004413300000,   0.04000,
,,,0.004413400000,   0.00000,
,,,0.004413500000,   0.00000,
,,,0.004413600000,   0.12000,
,,,0.004413700000,   0.12000,
,,,0.004413800000,   0.08000,
,,,0.004413900000,   0.12000,
,,,0.004414000000,   0.16000,
,,,0.004414100000,   0.12000,
,,,0.004414200000,   0.24000,
,,,0.004414300000,   0.12000,
,,,0.004414400000,   0.08000,
,,,0.004414500000,   0.12000,
,,,0.004414600000,   0.16000,
,,,0.004414700000,   0.16000,
,,,0.004414800000,   0.16000,
,,,0.004414900000,   0.16000,
,,,0.004415000000,   0.12000,
,,,0.004415100000,   0.08000,
,,,0.004415200000,   0.16000,
,,,0.004415300000,   0.16000,
,,,0.004415400000,   0.20000,
,,,0.004415500000,   0.24000,
,,,0.004415600000,   0.16000,
,,,0.004415700000,   0.24000,
,,,0.004415800000,   0.24000,
,,,0.004415900000,   0.24000,
,,,0.004416000000,   0.16000,
,,,0.004416100000,   0.20000,
,,,0.004416200000,   0.24000,
,,,0.004416300000,   0.28000,
,,,0.004416400000,   0.24000,
,,,0.004416500000,   0.24000,
,,,0.004416600000,   0.24000,
,,,0.004416700000,   0.24000,
,,,0.004416800000,   0.24000,
,,,0.004416900000,   0.24000,
,,,0.004417000000,   0.28000,
,,,0.004417100000,   0.20000,
,,,0.004417200000,   0.32000,
,,,0.004417300000,   0.28000,
,,,0.004417400000,   0.32000,
,,,0.004417500000,   0.24000,
,,,0.004417600000,   0.28000,
,,,0.004417700000,   0.24000,
,,,0.004417800000,   0.24000,
,,,0.004417900000,   0.32000,
,,,0.004418000000,   0.32000,
,,,0.004418100000,   0.32000,
,,,0.004418200000,   0.36000,
,,,0.004418300000,   0.36000,
,,,0.004418400000,   0.28000,
,,,0.004418500000,   0.32000,
,,,0.004418600000,   0.36000,
,,,0.004418700000,   0.32000,
,,,0.004418800000,   0.40000,
,,,0.004418900000,   0.32000,
,,,0.004419000000,   0.32000,
,,,0.004419100000,   0.40000,
,,,0.004419200000,   0.32000,
,,,0.004419300000,   0.36000,
,,,0.004419400000,   0.36000,
,,,0.004419500000,   0.36000,
,,,0.004419600000,   0.40000,
,,,0.004419700000,   0.40000,
,,,0.004419800000,   0.40000,
,,,0.004419900000,   0.40000,
,,,0.004420000000,   0.40000,
,,,0.004420100000,   0.44000,
,,,0.004420200000,   0.44000,
,,,0.004420300000,   0.40000,
,,,0.004420400000,   0.40000,
,,,0.004420500000,   0.44000,
,,,0.004420600000,   0.32000,
,,,0.004420700000,   0.48000,
,,,0.004420800000,   0.48000,
,,,0.004420900000,   0.48000,
,,,0.004421000000,   0.48000,
,,,0.004421100000,   0.48000,
,,,0.004421200000,   0.52000,
,,,0.004421300000,   0.48000,
,,,0.004421400000,   0.40000,
,,,0.004421500000,   0.40000,
,,,0.004421600000,   0.40000,
,,,0.004421700000,   0.52000,
,,,0.004421800000,   0.40000,
,,,0.004421900000,   0.48000,
,,,0.004422000000,   0.52000,
,,,0.004422100000,   0.48000,
,,,0.004422200000,   0.52000,
,,,0.004422300000,   0.48000,
,,,0.004422400000,   0.48000,
,,,0.004422500000,   0.52000,
,,,0.004422600000,   0.52000,
,,,0.004422700000,   0.52000,
,,,0.004422800000,   0.56000,
,,,0.004422900000,   0.52000,
,,,0.004423000000,   0.52000,
,,,0.004423100000,   0.56000,
,,,0.004423200000,   0.60000,
,,,0.004423300000,   0.48000,
,,,0.004423400000,   0.56000,
,,,0.004423500000,   0.56000,
,,,0.004423600000,   0.60000,
,,,0.004423700000,   0.60000,
,,,0.004423800000,   0.56000,
,,,0.004423900000,   0.60000,
,,,0.004424000000,   0.56000,
,,,0.004424100000,   0.60000,
,,,0.004424200000,   0.56000,
,,,0.004424300000,   0.52000,
,,,0.004424400000,   0.64000,
,,,0.004424500000,   0.60000,
,,,0.004424600000,   0.64000,
,,,0.004424700000,   0.60000,
,,,0.004424800000,   0.60000,
,,,0.004424900000,   0.60000,
,,,0.004425000000,   0.60000,
,,,0.004425100000,   0.56000,
,,,0.004425200000,   0.60000,
,,,0.004425300000,   0.64000,
,,,0.004425400000,   0.68000,
,,,0.004425500000,   0.64000,
,,,0.004425600000,   0.68000,
,,,0.004425700000,   0.60000,
,,,0.004425800000,   0.56000,
,,,0.004425900000,   0.60000,
,,,0.004426000000,   0.60000,
,,,0.004426100000,   0.68000,
,,,0.004426200000,   0.64000,
,,,0.004426300000,   0.72000,
,,,0.004426400000,   0.72000,
,,,0.004426500000,   0.68000,
,,,0.004426600000,   0.76000,
,,,0.004426700000,   0.68000,
,,,0.004426800000,   0.72000,
,,,0.004426900000,   0.76000,
,,,0.004427000000,   0.68000,
,,,0.004427100000,   0.64000,
,,,0.004427200000,   0.68000,
,,,0.004427300000,   0.68000,
,,,0.004427400000,   0.68000,
,,,0.004427500000,   0.68000,
,,,0.004427600000,   0.72000,
,,,0.004427700000,   0.72000,
,,,0.004427800000,   0.68000,
,,,0.004427900000,   0.76000,
,,,0.004428000000,   0.80000,
,,,0.004428100000,   0.80000,
,,,0.004428200000,   0.72000,
,,,0.004428300000,   0.72000,
,,,0.004428400000,   0.80000,
,,,0.004428500000,   0.76000,
,,,0.004428600000,   0.76000,
,,,0.004428700000,   0.80000,
,,,0.004428800000,   0.76000,
,,,0.004428900000,   0.76000,
,,,0.004429000000,   0.84000,
,,,0.004429100000,   0.76000,
,,,0.004429200000,   0.76000,
,,,0.004429300000,   0.80000,
,,,0.004429400000,   0.76000,
,,,0.004429500000,   0.80000,
,,,0.004429600000,   0.84000,
,,,0.004429700000,   0.84000,
,,,0.004429800000,   0.80000,
,,,0.004429900000,   0.80000,
,,,0.004430000000,   0.84000,
,,,0.004430100000,   0.88000,
,,,0.004430200000,   0.84000,
,,,0.004430300000,   0.76000,
,,,0.004430400000,   0.84000,
,,,0.004430500000,   0.76000,
,,,0.004430600000,   0.84000,
,,,0.004430700000,   0.80000,
,,,0.004430800000,   0.88000,
,,,0.004430900000,   0.80000,
,,,0.004431000000,   0.88000,
,,,0.004431100000,   0.84000,
,,,0.004431200000,   0.92000,
,,,0.004431300000,   0.88000,
,,,0.004431400000,   0.80000,
,,,0.004431500000,   0.84000,
,,,0.004431600000,   0.92000,
,,,0.004431700000,   0.88000,
,,,0.004431800000,   0.92000,
,,,0.004431900000,   0.92000,
,,,0.004432000000,   0.92000,
,,,0.004432100000,   0.92000,
,,,0.004432200000,   0.88000,
,,,0.004432300000,   0.88000,
,,,0.004432400000,   0.88000,
,,,0.004432500000,   0.88000,
,,,0.004432600000,   0.92000,
,,,0.004432700000,   0.96000,
,,,0.004432800000,   1.00000,
,,,0.004432900000,   0.92000,
,,,0.004433000000,   0.96000,
,,,0.004433100000,   0.92000,
,,,0.004433200000,   0.88000,
,,,0.004433300000,   0.92000,
,,,0.004433400000,   1.00000,
,,,0.004433500000,   1.08000,
,,,0.004433600000,   0.88000,
,,,0.004433700000,   0.96000,
,,,0.004433800000,   1.00000,
,,,0.004433900000,   1.08000,
,,,0.004434000000,   1.00000,
,,,0.004434100000,   0.92000,
,,,0.004434200000,   0.92000,
,,,0.004434300000,   1.00000,
,,,0.004434400000,   0.96000,
,,,0.004434500000,   0.96000,
,,,0.004434600000,   1.00000,
,,,0.004434700000,   0.96000,
,,,0.004434800000,   1.00000,
,,,0.004434900000,   1.00000,
,,,0.004435000000,   0.96000,
,,,0.004435100000,   1.00000,
,,,0.004435200000,   1.08000,
,,,0.004435300000,   1.04000,
,,,0.004435400000,   0.96000,
,,,0.004435500000,   1.04000,
,,,0.004435600000,   0.92000,
,,,0.004435700000,   0.92000,
,,,0.004435800000,   0.96000,
,,,0.004435900000,   1.00000,
,,,0.004436000000,   1.04000,
,,,0.004436100000,   1.04000,
,,,0.004436200000,   1.08000,
,,,0.004436300000,   1.04000,
,,,0.004436400000,   1.08000,
,,,0.004436500000,   1.04000,
,,,0.004436600000,   1.00000,
,,,0.004436700000,   1.04000,
,,,0.004436800000,   1.12000,
,,,0.004436900000,   1.00000,
,,,0.004437000000,   1.08000,
,,,0.004437100000,   1.04000,
,,,0.004437200000,   1.04000,
,,,0.004437300000,   1.00000,
,,,0.004437400000,   1.04000,
,,,0.004437500000,   1.04000,
,,,0.004437600000,   1.12000,
,,,0.004437700000,   1.08000,
,,,0.004437800000,   1.08000,
,,,0.004437900000,   1.12000,
,,,0.004438000000,   1.08000,
,,,0.004438100000,   1.08000,
,,,0.004438200000,   1.08000,
,,,0.004438300000,   1.12000,
,,,0.004438400000,   1.12000,
,,,0.004438500000,   1.12000,
,,,0.004438600000,   1.16000,
,,,0.004438700000,   1.12000,
,,,0.004438800000,   1.08000,
,,,0.004438900000,   1.12000,
,,,0.004439000000,   1.08000,
,,,0.004439100000,   1.16000,
,,,0.004439200000,   1.12000,
,,,0.004439300000,   1.12000,
,,,0.004439400000,   1.12000,
,,,0.004439500000,   1.16000,
,,,0.004439600000,   1.16000,
,,,0.004439700000,   1.12000,
,,,0.004439800000,   1.12000,
,,,0.004439900000,   1.16000,
,,,0.004440000000,   1.12000,
,,,0.004440100000,   1.24000,
,,,0.004440200000,   1.16000,
,,,0.004440300000,   1.20000,
,,,0.004440400000,   1.12000,
,,,0.004440500000,   1.16000,
,,,0.004440600000,   1.16000,
,,,0.004440700000,   1.16000,
,,,0.004440800000,   1.20000,
,,,0.004440900000,   1.24000,
,,,0.004441000000,   1.20000,
,,,0.004441100000,   1.20000,
,,,0.004441200000,   1.20000,
,,,0.004441300000,   1.16000,
,,,0.004441400000,   1.12000,
,,,0.004441500000,   1.20000,
,,,0.004441600000,   1.16000,
,,,0.004441700000,   1.24000,
,,,0.004441800000,   1.24000,
,,,0.004441900000,   1.24000,
,,,0.004442000000,   1.24000,
,,,0.004442100000,   1.16000,
,,,0.004442200000,   1.16000,
,,,0.004442300000,   1.16000,
,,,0.004442400000,   1.16000,
,,,0.004442500000,   1.28000,
,,,0.004442600000,   1.24000,
,,,0.004442700000,   1.20000,
,,,0.004442800000,   1.28000,
,,,0.004442900000,   1.24000,
,,,0.004443000000,   1.20000,
,,,0.004443100000,   1.16000,
,,,0.004443200000,   1.16000,
,,,0.004443300000,   1.28000,
,,,0.004443400000,   1.36000,
,,,0.004443500000,   1.24000,
,,,0.004443600000,   1.24000,
,,,0.004443700000,   1.28000,
,,,0.004443800000,   1.32000,
,,,0.004443900000,   1.28000,
,,,0.004444000000,   1.28000,
,,,0.004444100000,   1.20000,
,,,0.004444200000,   1.24000,
,,,0.004444300000,   1.28000,
,,,0.004444400000,   1.36000,
,,,0.004444500000,   1.32000,
,,,0.004444600000,   1.28000,
,,,0.004444700000,   1.36000,
,,,0.004444800000,   1.28000,
,,,0.004444900000,   1.28000,
,,,0.004445000000,   1.36000,
,,,0.004445100000,   1.24000,
,,,0.004445200000,   1.28000,
,,,0.004445300000,   1.16000,
,,,0.004445400000,   1.28000,
,,,0.004445500000,   1.32000,
,,,0.004445600000,   1.32000,
,,,0.004445700000,   1.32000,
,,,0.004445800000,   1.32000,
,,,0.004445900000,   1.36000,
,,,0.004446000000,   1.32000,
,,,0.004446100000,   1.36000,
,,,0.004446200000,   1.32000,
,,,0.004446300000,   1.32000,
,,,0.004446400000,   1.32000,
,,,0.004446500000,   1.28000,
,,,0.004446600000,   1.32000,
,,,0.004446700000,   1.40000,
,,,0.004446800000,   1.28000,
,,,0.004446900000,   1.28000,
,,,0.004447000000,   1.28000,
,,,0.004447100000,   1.32000,
,,,0.004447200000,   1.28000,
,,,0.004447300000,   1.32000,
,,,0.004447400000,   1.32000,
,,,0.004447500000,   1.32000,
,,,0.004447600000,   1.36000,
,,,0.004447700000,   1.32000,
,,,0.004447800000,   1.32000,
,,,0.004447900000,   1.32000,
,,,0.004448000000,   1.40000,
,,,0.004448100000,   1.36000,
,,,0.004448200000,   1.32000,
,,,0.004448300000,   1.40000,
,,,0.004448400000,   1.32000,
,,,0.004448500000,   1.32000,
,,,0.004448600000,   1.28000,
,,,0.004448700000,   1.36000,
,,,0.004448800000,   1.40000,
,,,0.004448900000,   1.24000,
,,,0.004449000000,   1.40000,
,,,0.004449100000,   1.40000,
,,,0.004449200000,   1.36000,
,,,0.004449300000,   1.40000,
,,,0.004449400000,   1.40000,
,,,0.004449500000,   1.44000,
,,,0.004449600000,   1.40000,
,,,0.004449700000,   1.36000,
,,,0.004449800000,   1.36000,
,,,0.004449900000,   1.36000,
,,,0.004450000000,   1.44000,
,,,0.004450100000,   1.40000,
,,,0.004450200000,   1.44000,
,,,0.004450300000,   1.36000,
,,,0.004450400000,   1.36000,
,,,0.004450500000,   1.40000,
,,,0.004450600000,   1.40000,
,,,0.004450700000,   1.40000,
,,,0.004450800000,   1.44000,
,,,0.004450900000,   1.40000,
,,,0.004451000000,   1.40000,
,,,0.004451100000,   1.36000,
,,,0.004451200000,   1.36000,
,,,0.004451300000,   1.36000,
,,,0.004451400000,   1.36000,
,,,0.004451500000,   1.32000,
,,,0.004451600000,   1.48000,
,,,0.004451700000,   1.44000,
,,,0.004451800000,   1.40000,
,,,0.004451900000,   1.40000,
,,,0.004452000000,   1.40000,
,,,0.004452100000,   1.40000,
,,,0.004452200000,   1.40000,
,,,0.004452300000,   1.44000,
,,,0.004452400000,   1.48000,
,,,0.004452500000,   1.48000,
,,,0.004452600000,   1.44000,
,,,0.004452700000,   1.36000,
,,,0.004452800000,   1.36000,
,,,0.004452900000,   1.32000,
,,,0.004453000000,   1.36000,
,,,0.004453100000,   1.32000,
,,,0.004453200000,   1.40000,
,,,0.004453300000,   1.48000,
,,,0.004453400000,   1.44000,
,,,0.004453500000,   1.40000,
,,,0.004453600000,   1.48000,
,,,0.004453700000,   1.44000,
,,,0.004453800000,   1.52000,
,,,0.004453900000,   1.40000,
,,,0.004454000000,   1.40000,
,,,0.004454100000,   1.40000,
,,,0.004454200000,   1.44000,
,,,0.004454300000,   1.44000,
,,,0.004454400000,   1.48000,
,,,0.004454500000,   1.32000,
,,,0.004454600000,   1.44000,
,,,0.004454700000,   1.40000,
,,,0.004454800000,   1.44000,
,,,0.004454900000,   1.48000,
,,,0.004455000000,   1.52000,
,,,0.004455100000,   1.44000,
,,,0.004455200000,   1.40000,
,,,0.004455300000,   1.44000,
,,,0.004455400000,   1.36000,
,,,0.004455500000,   1.36000,
,,,0.004455600000,   1.40000,
,,,0.004455700000,   1.40000,
,,,0.004455800000,   1.48000,
,,,0.004455900000,   1.40000,
,,,0.004456000000,   1.52000,
,,,0.004456100000,   1.48000,
,,,0.004456200000,   1.36000,
,,,0.004456300000,   1.44000,
,,,0.004456400000,   1.44000,
,,,0.004456500000,   1.40000,
,,,0.004456600000,   1.56000,
,,,0.004456700000,   1.40000,
,,,0.004456800000,   1.44000,
,,,0.004456900000,   1.44000,
,,,0.004457000000,   1.44000,
,,,0.004457100000,   1.40000,
,,,0.004457200000,   1.44000,
,,,0.004457300000,   1.40000,
,,,0.004457400000,   1.44000,
,,,0.004457500000,   1.44000,
,,,0.004457600000,   1.44000,
,,,0.004457700000,   1.48000,
,,,0.004457800000,   1.44000,
,,,0.004457900000,   1.44000,
,,,0.004458000000,   1.44000,
,,,0.004458100000,   1.44000,
,,,0.004458200000,   1.48000,
,,,0.004458300000,   1.52000,
,,,0.004458400000,   1.52000,
,,,0.004458500000,   1.40000,
,,,0.004458600000,   1.40000,
,,,0.004458700000,   1.44000,
,,,0.004458800000,   1.36000,
,,,0.004458900000,   1.44000,
,,,0.004459000000,   1.44000,
,,,0.004459100000,   1.44000,
,,,0.004459200000,   1.48000,
,,,0.004459300000,   1.44000,
,,,0.004459400000,   1.48000,
,,,0.004459500000,   1.48000,
,,,0.004459600000,   1.48000,
,,,0.004459700000,   1.44000,
,,,0.004459800000,   1.40000,
,,,0.004459900000,   1.52000,
,,,0.004460000000,   1.52000,
,,,0.004460100000,   1.48000,
,,,0.004460200000,   1.44000,
,,,0.004460300000,   1.48000,
,,,0.004460400000,   1.44000,
,,,0.004460500000,   1.48000,
,,,0.004460600000,   1.48000,
,,,0.004460700000,   1.48000,
,,,0.004460800000,   1.48000,
,,,0.004460900000,   1.44000,
,,,0.004461000000,   1.52000,
,,,0.004461100000,   1.48000,
,,,0.004461200000,   1.40000,
,,,0.004461300000,   1.60000,
,,,0.004461400000,   1.48000,
,,,0.004461500000,   1.48000,
,,,0.004461600000,   1.48000,
,,,0.004461700000,   1.52000,
,,,0.004461800000,   1.48000,
,,,0.004461900000,   1.48000,
,,,0.004462000000,   1.44000,
,,,0.004462100000,   1.44000,
,,,0.004462200000,   1.48000,
,,,0.004462300000,   1.48000,
,,,0.004462400000,   1.52000,
,,,0.004462500000,   1.48000,
,,,0.004462600000,   1.44000,
,,,0.004462700000,   1.44000,
,,,0.004462800000,   1.48000,
,,,0.004462900000,   1.44000,
,,,0.004463000000,   1.36000,
,,,0.004463100000,   1.52000,
,,,0.004463200000,   1.56000,
,,,0.004463300000,   1.48000,
,,,0.004463400000,   1.44000,
,,,0.004463500000,   1.52000,
,,,0.004463600000,   1.52000,
,,,0.004463700000,   1.52000,
,,,0.004463800000,   1.44000,
,,,0.004463900000,   1.48000,
,,,0.004464000000,   1.44000,
,,,0.004464100000,   1.44000,
,,,0.004464200000,   1.52000,
,,,0.004464300000,   1.48000,
,,,0.004464400000,   1.44000,
,,,0.004464500000,   1.48000,
,,,0.004464600000,   1.44000,
,,,0.004464700000,   1.44000,
,,,0.004464800000,   1.52000,
,,,0.004464900000,   1.48000,
,,,0.004465000000,   1.52000,
,,,0.004465100000,   1.44000,
,,,0.004465200000,   1.48000,
,,,0.004465300000,   1.40000,
,,,0.004465400000,   1.36000,
,,,0.004465500000,   1.44000,
,,,0.004465600000,   1.44000,
,,,0.004465700000,   1.44000,
,,,0.004465800000,   1.48000,
,,,0.004465900000,   1.48000,
,,,0.004466000000,   1.44000,
,,,0.004466100000,   1.40000,
,,,0.004466200000,   1.48000,
,,,0.004466300000,   1.48000,
,,,0.004466400000,   1.36000,
,,,0.004466500000,   1.52000,
,,,0.004466600000,   1.44000,
,,,0.004466700000,   1.40000,
,,,0.004466800000,   1.44000,
,,,0.004466900000,   1.40000,
,,,0.004467000000,   1.36000,
,,,0.004467100000,   1.44000,
,,,0.004467200000,   1.40000,
,,,0.004467300000,   1.48000,
,,,0.004467400000,   1.48000,
,,,0.004467500000,   1.44000,
,,,0.004467600000,   1.40000,
,,,0.004467700000,   1.44000,
,,,0.004467800000,   1.40000,
,,,0.004467900000,   1.48000,
,,,0.004468000000,   1.40000,
,,,0.004468100000,   1.52000,
,,,0.004468200000,   1.48000,
,,,0.004468300000,   1.44000,
,,,0.004468400000,   1.40000,
,,,0.004468500000,   1.40000,
,,,0.004468600000,   1.44000,
,,,0.004468700000,   1.28000,
,,,0.004468800000,   1.44000,
,,,0.004468900000,   1.44000,
,,,0.004469000000,   1.40000,
,,,0.004469100000,   1.48000,
,,,0.004469200000,   1.40000,
,,,0.004469300000,   1.48000,
,,,0.004469400000,   1.48000,
,,,0.004469500000,   1.40000,
,,,0.004469600000,   1.36000,
,,,0.004469700000,   1.36000,
,,,0.004469800000,   1.52000,
,,,0.004469900000,   1.48000,
,,,0.004470000000,   1.40000,
,,,0.004470100000,   1.36000,
,,,0.004470200000,   1.48000,
,,,0.004470300000,   1.44000,
,,,0.004470400000,   1.40000,
,,,0.004470500000,   1.44000,
,,,0.004470600000,   1.48000,
,,,0.004470700000,   1.36000,
,,,0.004470800000,   1.40000,
,,,0.004470900000,   1.36000,
,,,0.004471000000,   1.36000,
,,,0.004471100000,   1.32000,
,,,0.004471200000,   1.44000,
,,,0.004471300000,   1.36000,
,,,0.004471400000,   1.44000,
,,,0.004471500000,   1.40000,
,,,0.004471600000,   1.40000,
,,,0.004471700000,   1.36000,
,,,0.004471800000,   1.40000,
,,,0.004471900000,   1.40000,
,,,0.004472000000,   1.40000,
,,,0.004472100000,   1.36000,
,,,0.004472200000,   1.40000,
,,,0.004472300000,   1.44000,
,,,0.004472400000,   1.36000,
,,,0.004472500000,   1.44000,
,,,0.004472600000,   1.36000,
,,,0.004472700000,   1.40000,
,,,0.004472800000,   1.32000,
,,,0.004472900000,   1.24000,
,,,0.004473000000,   1.40000,
,,,0.004473100000,   1.52000,
,,,0.004473200000,   1.36000,
,,,0.004473300000,   1.40000,
,,,0.004473400000,   1.40000,
,,,0.004473500000,   1.44000,
,,,0.004473600000,   1.40000,
,,,0.004473700000,   1.36000,
,,,0.004473800000,   1.32000,
,,,0.004473900000,   1.40000,
,,,0.004474000000,   1.32000,
,,,0.004474100000,   1.36000,
,,,0.004474200000,   1.36000,
,,,0.004474300000,   1.24000,
,,,0.004474400000,   1.36000,
,,,0.004474500000,   1.32000,
,,,0.004474600000,   1.36000,
,,,0.004474700000,   1.36000,
,,,0.004474800000,   1.40000,
,,,0.004474900000,   1.36000,
,,,0.004475000000,   1.32000,
,,,0.004475100000,   1.36000,
,,,0.004475200000,   1.28000,
,,,0.004475300000,   1.28000,
,,,0.004475400000,   1.28000,
,,,0.004475500000,   1.28000,
,,,0.004475600000,   1.32000,
,,,0.004475700000,   1.36000,
,,,0.004475800000,   1.36000,
,,,0.004475900000,   1.36000,
,,,0.004476000000,   1.36000,
,,,0.004476100000,   1.36000,
,,,0.004476200000,   1.36000,
,,,0.004476300000,   1.28000,
,,,0.004476400000,   1.36000,
,,,0.004476500000,   1.24000,
,,,0.004476600000,   1.28000,
,,,0.004476700000,   1.28000,
,,,0.004476800000,   1.28000,
,,,0.004476900000,   1.32000,
,,,0.004477000000,   1.32000,
,,,0.004477100000,   1.24000,
,,,0.004477200000,   1.32000,
,,,0.004477300000,   1.32000,
,,,0.004477400000,   1.36000,
,,,0.004477500000,   1.28000,
,,,0.004477600000,   1.20000,
,,,0.004477700000,   1.32000,
,,,0.004477800000,   1.28000,
,,,0.004477900000,   1.32000,
,,,0.004478000000,   1.32000,
,,,0.004478100000,   1.32000,
,,,0.004478200000,   1.36000,
,,,0.004478300000,   1.32000,
,,,0.004478400000,   1.28000,
,,,0.004478500000,   1.24000,
,,,0.004478600000,   1.20000,
,,,0.004478700000,   1.28000,
,,,0.004478800000,   1.24000,
,,,0.004478900000,   1.24000,
,,,0.004479000000,   1.28000,
,,,0.004479100000,   1.24000,
,,,0.004479200000,   1.32000,
,,,0.004479300000,   1.32000,
,,,0.004479400000,   1.20000,
,,,0.004479500000,   1.32000,
,,,0.004479600000,   1.28000,
,,,0.004479700000,   1.28000,
,,,0.004479800000,   1.28000,
,,,0.004479900000,   1.28000,
,,,0.004480000000,   1.20000,
,,,0.004480100000,   1.28000,
,,,0.004480200000,   1.24000,
,,,0.004480300000,   1.24000,
,,,0.004480400000,   1.20000,
,,,0.004480500000,   1.24000,
,,,0.004480600000,   1.24000,
,,,0.004480700000,   1.24000,
,,,0.004480800000,   1.24000,
,,,0.004480900000,   1.16000,
,,,0.004481000000,   1.20000,
,,,0.004481100000,   1.28000,
,,,0.004481200000,   1.12000,
,,,0.004481300000,   1.24000,
,,,0.004481400000,   1.24000,
,,,0.004481500000,   1.20000,
,,,0.004481600000,   1.20000,
,,,0.004481700000,   1.12000,
,,,0.004481800000,   1.16000,
,,,0.004481900000,   1.20000,
,,,0.004482000000,   1.20000,
,,,0.004482100000,   1.20000,
,,,0.004482200000,   1.24000,
,,,0.004482300000,   1.16000,
,,,0.004482400000,   1.20000,
,,,0.004482500000,   1.16000,
,,,0.004482600000,   1.20000,
,,,0.004482700000,   1.16000,
,,,0.004482800000,   1.12000,
,,,0.004482900000,   1.16000,
,,,0.004483000000,   1.20000,
,,,0.004483100000,   1.12000,
,,,0.004483200000,   1.16000,
,,,0.004483300000,   1.16000,
,,,0.004483400000,   1.20000,
,,,0.004483500000,   1.20000,
,,,0.004483600000,   1.20000,
,,,0.004483700000,   1.16000,
,,,0.004483800000,   1.16000,
,,,0.004483900000,   1.12000,
,,,0.004484000000,   1.12000,
,,,0.004484100000,   1.20000,
,,,0.004484200000,   1.16000,
,,,0.004484300000,   1.20000,
,,,0.004484400000,   1.12000,
,,,0.004484500000,   1.12000,
,,,0.004484600000,   1.12000,
,,,0.004484700000,   1.16000,
,,,0.004484800000,   1.20000,
,,,0.004484900000,   1.08000,
,,,0.004485000000,   1.08000,
,,,0.004485100000,   1.04000,
,,,0.004485200000,   1.00000,
,,,0.004485300000,   1.08000,
,,,0.004485400000,   1.08000,
,,,0.004485500000,   1.16000,
,,,0.004485600000,   1.08000,
,,,0.004485700000,   1.16000,
,,,0.004485800000,   1.04000,
,,,0.004485900000,   1.08000,
,,,0.004486000000,   1.12000,
,,,0.004486100000,   1.04000,
,,,0.004486200000,   1.08000,
,,,0.004486300000,   1.16000,
,,,0.004486400000,   1.04000,
,,,0.004486500000,   1.08000,
,,,0.004486600000,   1.08000,
,,,0.004486700000,   1.04000,
,,,0.004486800000,   1.04000,
,,,0.004486900000,   1.08000,
,,,0.004487000000,   1.04000,
,,,0.004487100000,   1.08000,
,,,0.004487200000,   1.04000,
,,,0.004487300000,   1.04000,
,,,0.004487400000,   1.04000,
,,,0.004487500000,   0.96000,
,,,0.004487600000,   1.08000,
,,,0.004487700000,   1.08000,
,,,0.004487800000,   1.04000,
,,,0.004487900000,   1.00000,
,,,0.004488000000,   1.04000,
,,,0.004488100000,   1.00000,
,,,0.004488200000,   0.96000,
,,,0.004488300000,   0.92000,
,,,0.004488400000,   0.92000,
,,,0.004488500000,   0.92000,
,,,0.004488600000,   0.96000,
,,,0.004488700000,   1.04000,
,,,0.004488800000,   0.92000,
,,,0.004488900000,   1.00000,
,,,0.004489000000,   0.96000,
,,,0.004489100000,   1.00000,
,,,0.004489200000,   0.96000,
,,,0.004489300000,   0.96000,
,,,0.004489400000,   0.96000,
,,,0.004489500000,   1.00000,
,,,0.004489600000,   0.96000,
,,,0.004489700000,   0.96000,
,,,0.004489800000,   1.00000,
,,,0.004489900000,   0.92000,
,,,0.004490000000,   1.00000,
,,,0.004490100000,   0.92000,
,,,0.004490200000,   0.88000,
,,,0.004490300000,   0.92000,
,,,0.004490400000,   0.92000,
,,,0.004490500000,   0.96000,
,,,0.004490600000,   0.96000,
,,,0.004490700000,   0.92000,
,,,0.004490800000,   0.92000,
,,,0.004490900000,   0.88000,
,,,0.004491000000,   0.92000,
,,,0.004491100000,   0.80000,
,,,0.004491200000,   0.92000,
,,,0.004491300000,   0.88000,
,,,0.004491400000,   0.96000,
,,,0.004491500000,   0.92000,
,,,0.004491600000,   0.88000,
,,,0.004491700000,   0.88000,
,,,0.004491800000,   0.84000,
,,,0.004491900000,   0.84000,
,,,0.004492000000,   0.92000,
,,,0.004492100000,   0.92000,
,,,0.004492200000,   0.92000,
,,,0.004492300000,   0.92000,
,,,0.004492400000,   0.84000,
,,,0.004492500000,   0.84000,
,,,0.004492600000,   0.84000,
,,,0.004492700000,   0.72000,
,,,0.004492800000,   0.92000,
,,,0.004492900000,   0.88000,
,,,0.004493000000,   0.80000,
,,,0.004493100000,   0.80000,
,,,0.004493200000,   0.84000,
,,,0.004493300000,   0.88000,
,,,0.004493400000,   0.88000,
,,,0.004493500000,   0.84000,
,,,0.004493600000,   0.76000,
,,,0.004493700000,   0.80000,
,,,0.004493800000,   0.84000,
,,,0.004493900000,   0.84000,
,,,0.004494000000,   0.76000,
,,,0.004494100000,   0.76000,
,,,0.004494200000,   0.80000,
,,,0.004494300000,   0.72000,
,,,0.004494400000,   0.76000,
,,,0.004494500000,   0.80000,
,,,0.004494600000,   0.80000,
,,,0.004494700000,   0.84000,
,,,0.004494800000,   0.72000,
,,,0.004494900000,   0.76000,
,,,0.004495000000,   0.72000,
,,,0.004495100000,   0.76000,
,,,0.004495200000,   0.80000,
,,,0.004495300000,   0.68000,
,,,0.004495400000,   0.72000,
,,,0.004495500000,   0.80000,
,,,0.004495600000,   0.76000,
,,,0.004495700000,   0.68000,
,,,0.004495800000,   0.72000,
,,,0.004495900000,   0.76000,
,,,0.004496000000,   0.76000,
,,,0.004496100000,   0.64000,
,,,0.004496200000,   0.76000,
,,,0.004496300000,   0.68000,
,,,0.004496400000,   0.64000,
,,,0.004496500000,   0.68000,
,,,0.004496600000,   0.64000,
,,,0.004496700000,   0.64000,
,,,0.004496800000,   0.60000,
,,,0.004496900000,   0.72000,
,,,0.004497000000,   0.64000,
,,,0.004497100000,   0.68000,
,,,0.004497200000,   0.60000,
,,,0.004497300000,   0.60000,
,,,0.004497400000,   0.64000,
,,,0.004497500000,   0.64000,
,,,0.004497600000,   0.60000,
,,,0.004497700000,   0.64000,
,,,0.004497800000,   0.64000,
,,,0.004497900000,   0.68000,
,,,0.004498000000,   0.64000,
,,,0.004498100000,   0.60000,
,,,0.004498200000,   0.60000,
,,,0.004498300000,   0.56000,
,,,0.004498400000,   0.64000,
,,,0.004498500000,   0.60000,
,,,0.004498600000,   0.60000,
,,,0.004498700000,   0.60000,
,,,0.004498800000,   0.60000,
,,,0.004498900000,   0.60000,
,,,0.004499000000,   0.60000,
,,,0.004499100000,   0.52000,
,,,0.004499200000,   0.52000,
,,,0.004499300000,   0.52000,
,,,0.004499400000,   0.60000,
,,,0.004499500000,   0.56000,
,,,0.004499600000,   0.56000,
,,,0.004499700000,   0.56000,
,,,0.004499800000,   0.56000,
,,,0.004499900000,   0.56000,
,,,0.004500000000,   0.56000,
,,,0.004500100000,   0.60000,
,,,0.004500200000,   0.60000,
,,,0.004500300000,   0.56000,
,,,0.004500400000,   0.52000,
,,,0.004500500000,   0.60000,
,,,0.004500600000,   0.52000,
,,,0.004500700000,   0.44000,
,,,0.004500800000,   0.48000,
,,,0.004500900000,   0.48000,
,,,0.004501000000,   0.44000,
,,,0.004501100000,   0.52000,
,,,0.004501200000,   0.52000,
,,,0.004501300000,   0.52000,
,,,0.004501400000,   0.48000,
,,,0.004501500000,   0.52000,
,,,0.004501600000,   0.44000,
,,,0.004501700000,   0.48000,
,,,0.004501800000,   0.48000,
,,,0.004501900000,   0.48000,
,,,0.004502000000,   0.48000,
,,,0.004502100000,   0.48000,
,,,0.004502200000,   0.48000,
,,,0.004502300000,   0.44000,
,,,0.004502400000,   0.40000,
,,,0.004502500000,   0.44000,
,,,0.004502600000,   0.40000,
,,,0.004502700000,   0.48000,
,,,0.004502800000,   0.52000,
,,,0.004502900000,   0.36000,
,,,0.004503000000,   0.48000,
,,,0.004503100000,   0.40000,
,,,0.004503200000,   0.44000,
,,,0.004503300000,   0.36000,
,,,0.004503400000,   0.40000,
,,,0.004503500000,   0.40000,
,,,0.004503600000,   0.36000,
,,,0.004503700000,   0.40000,
,,,0.004503800000,   0.36000,
,,,0.004503900000,   0.36000,
,,,0.004504000000,   0.32000,
,,,0.004504100000,   0.40000,
,,,0.004504200000,   0.36000,
,,,0.004504300000,   0.32000,
,,,0.004504400000,   0.36000,
,,,0.004504500000,   0.36000,
,,,0.004504600000,   0.36000,
,,,0.004504700000,   0.32000,
,,,0.004504800000,   0.32000,
,,,0.004504900000,   0.32000,
,,,0.004505000000,   0.32000,
,,,0.004505100000,   0.28000,
,,,0.004505200000,   0.32000,
,,,0.004505300000,   0.32000,
,,,0.004505400000,   0.32000,
,,,0.004505500000,   0.28000,
,,,0.004505600000,   0.32000,
,,,0.004505700000,   0.32000,
,,,0.004505800000,   0.28000,
,,,0.004505900000,   0.28000,
,,,0.004506000000,   0.28000,
,,,0.004506100000,   0.32000,
,,,0.004506200000,   0.28000,
,,,0.004506300000,   0.28000,
,,,0.004506400000,   0.24000,
,,,0.004506500000,   0.20000,
,,,0.004506600000,   0.20000,
,,,0.004506700000,   0.16000,
,,,0.004506800000,   0.20000,
,,,0.004506900000,   0.24000,
,,,0.004507000000,   0.20000,
,,,0.004507100000,   0.16000,
,,,0.004507200000,   0.16000,
,,,0.004507300000,   0.24000,
,,,0.004507400000,   0.12000,
,,,0.004507500000,   0.24000,
,,,0.004507600000,   0.20000,
,,,0.004507700000,   0.24000,
,,,0.004507800000,   0.24000,
,,,0.004507900000,   0.20000,
,,,0.004508000000,   0.16000,
,,,0.004508100000,   0.20000,
,,,0.004508200000,   0.12000,
,,,0.004508300000,   0.12000,
,,,0.004508400000,   0.20000,
,,,0.004508500000,   0.20000,
,,,0.004508600000,   0.20000,
,,,0.004508700000,   0.08000,
,,,0.004508800000,   0.16000,
,,,0.004508900000,   0.12000,
,,,0.004509000000,   0.16000,
,,,0.004509100000,   0.08000,
,,,0.004509200000,   0.08000,
,,,0.004509300000,   0.16000,
,,,0.004509400000,   0.12000,
,,,0.004509500000,   0.04000,
,,,0.004509600000,   0.12000,
,,,0.004509700000,   0.12000,
,,,0.004509800000,   0.08000,
,,,0.004509900000,   0.12000,
,,,0.004510000000,   0.04000,
,,,0.004510100000,   0.08000,
,,,0.004510200000,   0.08000,
,,,0.004510300000,   0.12000,
,,,0.004510400000,   0.04000,
,,,0.004510500000,   0.04000,
,,,0.004510600000,   0.04000,
,,,0.004510700000,   0.00000,
,,,0.004510800000,   0.04000,
,,,0.004510900000,   0.00000,
,,,0.004511000000,   0.04000,
,,,0.004511100000,   0.04000,
,,,0.004511200000,   0.04000,
,,,0.004511300000,   0.04000,
,,,0.004511400000,   0.00000,
,,,0.004511500000,   0.04000,
,,,0.004511600000,   0.00000,
,,,0.004511700000,   0.00000,
,,,0.004511800000,   0.00000,
,,,0.004511900000,  -0.04000,
,,,0.004512000000,  -0.04000,
,,,0.004512100000,  -0.04000,
,,,0.004512200000,  -0.04000,
,,,0.004512300000,  -0.04000,
,,,0.004512400000,  -0.08000,
,,,0.004512500000,  -0.04000,
,,,0.004512600000,  -0.04000,
,,,0.004512700000,  -0.04000,
,,,0.004512800000,  -0.12000,
,,,0.004512900000,  -0.08000,
,,,0.004513000000,  -0.04000,
,,,0.004513100000,  -0.04000,
,,,0.004513200000,  -0.04000,
,,,0.004513300000,  -0.08000,
,,,0.004513400000,  -0.12000,
,,,0.004513500000,  -0.08000,
,,,0.004513600000,  -0.08000,
,,,0.004513700000,  -0.12000,
,,,0.004513800000,  -0.12000,
,,,0.004513900000,  -0.20000,
,,,0.004514000000,  -0.08000,
,,,0.004514100000,  -0.16000,
,,,0.004514200000,  -0.16000,
,,,0.004514300000,  -0.08000,
,,,0.004514400000,  -0.12000,
,,,0.004514500000,  -0.08000,
,,,0.004514600000,  -0.20000,
,,,0.004514700000,  -0.12000,
,,,0.004514800000,  -0.16000,
,,,0.004514900000,  -0.20000,
,,,0.004515000000,  -0.12000,
,,,0.004515100000,  -0.16000,
,,,0.004515200000,  -0.16000,
,,,0.004515300000,  -0.24000,
,,,0.004515400000,  -0.16000,
,,,0.004515500000,  -0.24000,
,,,0.004515600000,  -0.16000,
,,,0.004515700000,  -0.16000,
,,,0.004515800000,  -0.24000,
,,,0.004515900000,  -0.16000,
,,,0.004516000000,  -0.24000,
,,,0.004516100000,  -0.24000,
,,,0.004516200000,  -0.24000,
,,,0.004516300000,  -0.20000,
,,,0.004516400000,  -0.20000,
,,,0.004516500000,  -0.24000,
,,,0.004516600000,  -0.24000,
,,,0.004516700000,  -0.24000,
,,,0.004516800000,  -0.28000,
,,,0.004516900000,  -0.20000,
,,,0.004517000000,  -0.32000,
,,,0.004517100000,  -0.28000,
,,,0.004517200000,  -0.28000,
,,,0.004517300000,  -0.32000,
,,,0.004517400000,  -0.28000,
,,,0.004517500000,  -0.24000,
,,,0.004517600000,  -0.28000,
,,,0.004517700000,  -0.28000,
,,,0.004517800000,  -0.28000,
,,,0.004517900000,  -0.32000,
,,,0.004518000000,  -0.32000,
,,,0.004518100000,  -0.28000,
,,,0.004518200000,  -0.36000,
,,,0.004518300000,  -0.32000,
,,,0.004518400000,  -0.36000,
,,,0.004518500000,  -0.32000,
,,,0.004518600000,  -0.32000,
,,,0.004518700000,  -0.28000,
,,,0.004518800000,  -0.32000,
,,,0.004518900000,  -0.36000,
,,,0.004519000000,  -0.36000,
,,,0.004519100000,  -0.32000,
,,,0.004519200000,  -0.36000,
,,,0.004519300000,  -0.28000,
,,,0.004519400000,  -0.40000,
,,,0.004519500000,  -0.36000,
,,,0.004519600000,  -0.40000,
,,,0.004519700000,  -0.32000,
,,,0.004519800000,  -0.40000,
,,,0.004519900000,  -0.40000,
,,,0.004520000000,  -0.40000,
,,,0.004520100000,  -0.40000,
,,,0.004520200000,  -0.32000,
,,,0.004520300000,  -0.36000,
,,,0.004520400000,  -0.40000,
,,,0.004520500000,  -0.44000,
,,,0.004520600000,  -0.40000,
,,,0.004520700000,  -0.40000,
,,,0.004520800000,  -0.48000,
,,,0.004520900000,  -0.44000,
,,,0.004521000000,  -0.40000,
,,,0.004521100000,  -0.40000,
,,,0.004521200000,  -0.40000,
,,,0.004521300000,  -0.44000,
,,,0.004521400000,  -0.44000,
,,,0.004521500000,  -0.44000,
,,,0.004521600000,  -0.48000,
,,,0.004521700000,  -0.44000,
,,,0.004521800000,  -0.48000,
,,,0.004521900000,  -0.52000,
,,,0.004522000000,  -0.44000,
,,,0.004522100000,  -0.48000,
,,,0.004522200000,  -0.52000,
,,,0.004522300000,  -0.56000,
,,,0.004522400000,  -0.52000,
,,,0.004522500000,  -0.44000,
,,,0.004522600000,  -0.48000,
,,,0.004522700000,  -0.52000,
,,,0.004522800000,  -0.44000,
,,,0.004522900000,  -0.48000,
,,,0.004523000000,  -0.48000,
,,,0.004523100000,  -0.48000,
,,,0.004523200000,  -0.56000,
,,,0.004523300000,  -0.52000,
,,,0.004523400000,  -0.60000,
,,,0.004523500000,  -0.56000,
,,,0.004523600000,  -0.52000,
,,,0.004523700000,  -0.60000,
,,,0.004523800000,  -0.52000,
,,,0.004523900000,  -0.56000,
,,,0.004524000000,  -0.60000,
,,,0.004524100000,  -0.60000,
,,,0.004524200000,  -0.56000,
,,,0.004524300000,  -0.56000,
,,,0.004524400000,  -0.56000,
,,,0.004524500000,  -0.64000,
,,,0.004524600000,  -0.56000,
,,,0.004524700000,  -0.60000,
,,,0.004524800000,  -0.68000,
,,,0.004524900000,  -0.60000,
,,,0.004525000000,  -0.60000,
,,,0.004525100000,  -0.64000,
,,,0.004525200000,  -0.64000,
,,,0.004525300000,  -0.60000,
,,,0.004525400000,  -0.68000,
,,,0.004525500000,  -0.64000,
,,,0.004525600000,  -0.60000,
,,,0.004525700000,  -0.68000,
,,,0.004525800000,  -0.72000,
,,,0.004525900000,  -0.64000,
,,,0.004526000000,  -0.72000,
,,,0.004526100000,  -0.64000,
,,,0.004526200000,  -0.72000,
,,,0.004526300000,  -0.68000,
,,,0.004526400000,  -0.68000,
,,,0.004526500000,  -0.64000,
,,,0.004526600000,  -0.68000,
,,,0.004526700000,  -0.68000,
,,,0.004526800000,  -0.68000,
,,,0.004526900000,  -0.72000,
,,,0.004527000000,  -0.64000,
,,,0.004527100000,  -0.68000,
,,,0.004527200000,  -0.68000,
,,,0.004527300000,  -0.68000,
,,,0.004527400000,  -0.68000,
,,,0.004527500000,  -0.68000,
,,,0.004527600000,  -0.80000,
,,,0.004527700000,  -0.72000,
,,,0.004527800000,  -0.76000,
,,,0.004527900000,  -0.76000,
,,,0.004528000000,  -0.72000,
,,,0.004528100000,  -0.80000,
,,,0.004528200000,  -0.72000,
,,,0.004528300000,  -0.76000,
,,,0.004528400000,  -0.72000,
,,,0.004528500000,  -0.76000,
,,,0.004528600000,  -0.76000,
,,,0.004528700000,  -0.72000,
,,,0.004528800000,  -0.80000,
,,,0.004528900000,  -0.80000,
,,,0.004529000000,  -0.80000,
,,,0.004529100000,  -0.80000,
,,,0.004529200000,  -0.80000,
,,,0.004529300000,  -0.84000,
,,,0.004529400000,  -0.76000,
,,,0.004529500000,  -0.80000,
,,,0.004529600000,  -0.80000,
,,,0.004529700000,  -0.80000,
,,,0.004529800000,  -0.80000,
,,,0.004529900000,  -0.88000,
,,,0.004530000000,  -0.84000,
,,,0.004530100000,  -0.84000,
,,,0.004530200000,  -0.88000,
,,,0.004530300000,  -0.84000,
,,,0.004530400000,  -0.88000,
,,,0.004530500000,  -0.88000,
,,,0.004530600000,  -0.80000,
,,,0.004530700000,  -0.84000,
,,,0.004530800000,  -0.88000,
,,,0.004530900000,  -0.84000,
,,,0.004531000000,  -0.80000,
,,,0.004531100000,  -0.88000,
,,,0.004531200000,  -0.88000,
,,,0.004531300000,  -0.92000,
,,,0.004531400000,  -0.88000,
,,,0.004531500000,  -0.84000,
,,,0.004531600000,  -0.84000,
,,,0.004531700000,  -0.92000,
,,,0.004531800000,  -0.84000,
,,,0.004531900000,  -0.88000,
,,,0.004532000000,  -0.92000,
,,,0.004532100000,  -0.84000,
,,,0.004532200000,  -0.96000,
,,,0.004532300000,  -0.92000,
,,,0.004532400000,  -0.88000,
,,,0.004532500000,  -0.88000,
,,,0.004532600000,  -0.88000,
,,,0.004532700000,  -0.88000,
,,,0.004532800000,  -0.96000,
,,,0.004532900000,  -0.92000,
,,,0.004533000000,  -0.96000,
,,,0.004533100000,  -0.92000,
,,,0.004533200000,  -0.96000,
,,,0.004533300000,  -1.00000,
,,,0.004533400000,  -0.96000,
,,,0.004533500000,  -0.96000,
,,,0.004533600000,  -0.96000,
,,,0.004533700000,  -1.00000,
,,,0.004533800000,  -0.96000,
,,,0.004533900000,  -1.04000,
,,,0.004534000000,  -0.96000,
,,,0.004534100000,  -1.04000,
,,,0.004534200000,  -0.96000,
,,,0.004534300000,  -0.92000,
,,,0.004534400000,  -1.04000,
,,,0.004534500000,  -1.04000,
,,,0.004534600000,  -1.00000,
,,,0.004534700000,  -1.04000,
,,,0.004534800000,  -1.00000,
,,,0.004534900000,  -1.00000,
,,,0.004535000000,  -1.00000,
,,,0.004535100000,  -1.00000,
,,,0.004535200000,  -1.04000,
,,,0.004535300000,  -1.00000,
,,,0.004535400000,  -1.04000,
,,,0.004535500000,  -0.96000,
,,,0.004535600000,  -1.08000,
,,,0.004535700000,  -1.08000,
,,,0.004535800000,  -0.96000,
,,,0.004535900000,  -1.04000,
,,,0.004536000000,  -1.08000,
,,,0.004536100000,  -1.08000,
,,,0.004536200000,  -1.04000,
,,,0.004536300000,  -1.04000,
,,,0.004536400000,  -1.16000,
,,,0.004536500000,  -1.04000,
,,,0.004536600000,  -1.08000,
,,,0.004536700000,  -1.04000,
,,,0.004536800000,  -1.12000,
,,,0.004536900000,  -1.08000,
,,,0.004537000000,  -1.08000,
,,,0.004537100000,  -1.04000,
,,,0.004537200000,  -1.12000,
,,,0.004537300000,  -1.04000,
,,,0.004537400000,  -1.12000,
,,,0.004537500000,  -1.16000,
,,,0.004537600000,  -1.12000,
,,,0.004537700000,  -1.16000,
,,,0.004537800000,  -1.16000,
,,,0.004537900000,  -1.12000,
,,,0.004538000000,  -1.12000,
,,,0.004538100000,  -1.12000,
,,,0.004538200000,  -1.12000,
,,,0.004538300000,  -1.08000,
,,,0.004538400000,  -1.12000,
,,,0.004538500000,  -1.08000,
,,,0.004538600000,  -1.16000,
,,,0.004538700000,  -1.12000,
,,,0.004538800000,  -1.16000,
,,,0.004538900000,  -1.16000,
,,,0.004539000000,  -1.12000,
,,,0.004539100000,  -1.16000,
,,,0.004539200000,  -1.20000,
,,,0.004539300000,  -1.12000,
,,,0.004539400000,  -1.16000,
,,,0.004539500000,  -1.12000,
,,,0.004539600000,  -1.12000,
,,,0.004539700000,  -1.16000,
,,,0.004539800000,  -1.16000,
,,,0.004539900000,  -1.16000,
,,,0.004540000000,  -1.16000,
,,,0.004540100000,  -1.08000,
,,,0.004540200000,  -1.20000,
,,,0.004540300000,  -1.20000,
,,,0.004540400000,  -1.16000,
,,,0.004540500000,  -1.20000,
,,,0.004540600000,  -1.20000,
,,,0.004540700000,  -1.20000,
,,,0.004540800000,  -1.16000,
,,,0.004540900000,  -1.12000,
,,,0.004541000000,  -1.16000,
,,,0.004541100000,  -1.20000,
,,,0.004541200000,  -1.12000,
,,,0.004541300000,  -1.20000,
,,,0.004541400000,  -1.20000,
,,,0.004541500000,  -1.20000,
,,,0.004541600000,  -1.24000,
,,,0.004541700000,  -1.20000,
,,,0.004541800000,  -1.20000,
,,,0.004541900000,  -1.24000,
,,,0.004542000000,  -1.20000,
,,,0.004542100000,  -1.24000,
,,,0.004542200000,  -1.24000,
,,,0.004542300000,  -1.24000,
,,,0.004542400000,  -1.20000,
,,,0.004542500000,  -1.28000,
,,,0.004542600000,  -1.28000,
,,,0.004542700000,  -1.20000,
,,,0.004542800000,  -1.20000,
,,,0.004542900000,  -1.16000,
,,,0.004543000000,  -1.28000,
,,,0.004543100000,  -1.32000,
,,,0.004543200000,  -1.28000,
,,,0.004543300000,  -1.24000,
,,,0.004543400000,  -1.28000,
,,,0.004543500000,  -1.28000,
,,,0.004543600000,  -1.36000,
,,,0.004543700000,  -1.24000,
,,,0.004543800000,  -1.36000,
,,,0.004543900000,  -1.32000,
,,,0.004544000000,  -1.28000,
,,,0.004544100000,  -1.32000,
,,,0.004544200000,  -1.28000,
,,,0.004544300000,  -1.32000,
,,,0.004544400000,  -1.28000,
,,,0.004544500000,  -1.28000,
,,,0.004544600000,  -1.40000,
,,,0.004544700000,  -1.28000,
,,,0.004544800000,  -1.36000,
,,,0.004544900000,  -1.28000,
,,,0.004545000000,  -1.28000,
,,,0.004545100000,  -1.28000,
,,,0.004545200000,  -1.28000,
,,,0.004545300000,  -1.36000,
,,,0.004545400000,  -1.24000,
,,,0.004545500000,  -1.32000,
,,,0.004545600000,  -1.28000,
,,,0.004545700000,  -1.32000,
,,,0.004545800000,  -1.36000,
,,,0.004545900000,  -1.28000,
,,,0.004546000000,  -1.32000,
,,,0.004546100000,  -1.32000,
,,,0.004546200000,  -1.32000,
,,,0.004546300000,  -1.36000,
,,,0.004546400000,  -1.28000,
,,,0.004546500000,  -1.40000,
,,,0.004546600000,  -1.40000,
,,,0.004546700000,  -1.36000,
,,,0.004546800000,  -1.36000,
,,,0.004546900000,  -1.36000,
,,,0.004547000000,  -1.36000,
,,,0.004547100000,  -1.40000,
,,,0.004547200000,  -1.40000,
,,,0.004547300000,  -1.32000,
,,,0.004547400000,  -1.36000,
,,,0.004547500000,  -1.40000,
,,,0.004547600000,  -1.40000,
,,,0.004547700000,  -1.40000,
,,,0.004547800000,  -1.36000,
,,,0.004547900000,  -1.44000,
,,,0.004548000000,  -1.40000,
,,,0.004548100000,  -1.40000,
,,,0.004548200000,  -1.40000,
,,,0.004548300000,  -1.36000,
,,,0.004548400000,  -1.40000,
,,,0.004548500000,  -1.36000,
,,,0.004548600000,  -1.40000,
,,,0.004548700000,  -1.44000,
,,,0.004548800000,  -1.32000,
,,,0.004548900000,  -1.40000,
,,,0.004549000000,  -1.36000,
,,,0.004549100000,  -1.44000,
,,,0.004549200000,  -1.36000,
,,,0.004549300000,  -1.44000,
,,,0.004549400000,  -1.40000,
,,,0.004549500000,  -1.40000,
,,,0.004549600000,  -1.40000,
,,,0.004549700000,  -1.44000,
,,,0.004549800000,  -1.36000,
,,,0.004549900000,  -1.40000,
,,,0.004550000000,  -1.36000,
,,,0.004550100000,  -1.40000,
,,,0.004550200000,  -1.48000,
,,,0.004550300000,  -1.44000,
,,,0.004550400000,  -1.36000,
,,,0.004550500000,  -1.48000,
,,,0.004550600000,  -1.48000,
,,,0.004550700000,  -1.48000,
,,,0.004550800000,  -1.40000,
,,,0.004550900000,  -1.40000,
,,,0.004551000000,  -1.48000,
,,,0.004551100000,  -1.44000,
,,,0.004551200000,  -1.44000,
,,,0.004551300000,  -1.40000,
,,,0.004551400000,  -1.44000,
,,,0.004551500000,  -1.40000,
,,,0.004551600000,  -1.48000,
,,,0.004551700000,  -1.44000,
,,,0.004551800000,  -1.44000,
,,,0.004551900000,  -1.44000,
,,,0.004552000000,  -1.52000,
,,,0.004552100000,  -1.52000,
,,,0.004552200000,  -1.40000,
,,,0.004552300000,  -1.48000,
,,,0.004552400000,  -1.44000,
,,,0.004552500000,  -1.44000,
,,,0.004552600000,  -1.40000,
,,,0.004552700000,  -1.40000,
,,,0.004552800000,  -1.40000,
,,,0.004552900000,  -1.44000,
,,,0.004553000000,  -1.48000,
,,,0.004553100000,  -1.44000,
,,,0.004553200000,  -1.44000,
,,,0.004553300000,  -1.48000,
,,,0.004553400000,  -1.44000,
,,,0.004553500000,  -1.48000,
,,,0.004553600000,  -1.40000,
,,,0.004553700000,  -1.52000,
,,,0.004553800000,  -1.60000,
,,,0.004553900000,  -1.52000,
,,,0.004554000000,  -1.52000,
,,,0.004554100000,  -1.48000,
,,,0.004554200000,  -1.52000,
,,,0.004554300000,  -1.48000,
,,,0.004554400000,  -1.48000,
,,,0.004554500000,  -1.56000,
,,,0.004554600000,  -1.48000,
,,,0.004554700000,  -1.44000,
,,,0.004554800000,  -1.48000,
,,,0.004554900000,  -1.56000,
,,,0.004555000000,  -1.48000,
,,,0.004555100000,  -1.52000,
,,,0.004555200000,  -1.44000,
,,,0.004555300000,  -1.44000,
,,,0.004555400000,  -1.48000,
,,,0.004555500000,  -1.52000,
,,,0.004555600000,  -1.52000,
,,,0.004555700000,  -1.60000,
,,,0.004555800000,  -1.48000,
,,,0.004555900000,  -1.52000,
,,,0.004556000000,  -1.48000,
,,,0.004556100000,  -1.52000,
,,,0.004556200000,  -1.56000,
,,,0.004556300000,  -1.48000,
,,,0.004556400000,  -1.52000,
,,,0.004556500000,  -1.44000,
,,,0.004556600000,  -1.52000,
,,,0.004556700000,  -1.52000,
,,,0.004556800000,  -1.52000,
,,,0.004556900000,  -1.52000,
,,,0.004557000000,  -1.56000,
,,,0.004557100000,  -1.52000,
,,,0.004557200000,  -1.56000,
,,,0.004557300000,  -1.48000,
,,,0.004557400000,  -1.56000,
,,,0.004557500000,  -1.48000,
,,,0.004557600000,  -1.48000,
,,,0.004557700000,  -1.48000,
,,,0.004557800000,  -1.56000,
,,,0.004557900000,  -1.56000,
,,,0.004558000000,  -1.52000,
,,,0.004558100000,  -1.56000,
,,,0.004558200000,  -1.60000,
,,,0.004558300000,  -1.44000,
,,,0.004558400000,  -1.52000,
,,,0.004558500000,  -1.52000,
,,,0.004558600000,  -1.56000,
,,,0.004558700000,  -1.48000,
,,,0.004558800000,  -1.52000,
,,,0.004558900000,  -1.52000,
,,,0.004559000000,  -1.52000,
,,,0.004559100000,  -1.48000,
,,,0.004559200000,  -1.56000,
,,,0.004559300000,  -1.56000,
,,,0.004559400000,  -1.48000,
,,,0.004559500000,  -1.48000,
,,,0.004559600000,  -1.52000,
,,,0.004559700000,  -1.48000,
,,,0.004559800000,  -1.52000,
,,,0.004559900000,  -1.52000,
,,,0.004560000000,  -1.48000,
,,,0.004560100000,  -1.56000,
,,,0.004560200000,  -1.56000,
,,,0.004560300000,  -1.52000,
,,,0.004560400000,  -1.52000,
,,,0.004560500000,  -1.52000,
,,,0.004560600000,  -1.52000,
,,,0.004560700000,  -1.48000,
,,,0.004560800000,  -1.56000,
,,,0.004560900000,  -1.52000,
,,,0.004561000000,  -1.52000,
,,,0.004561100000,  -1.56000,
,,,0.004561200000,  -1.56000,
,,,0.004561300000,  -1.48000,
,,,0.004561400000,  -1.52000,
,,,0.004561500000,  -1.56000,
,,,0.004561600000,  -1.48000,
,,,0.004561700000,  -1.48000,
,,,0.004561800000,  -1.56000,
,,,0.004561900000,  -1.60000,
,,,0.004562000000,  -1.56000,
,,,0.004562100000,  -1.56000,
,,,0.004562200000,  -1.56000,
,,,0.004562300000,  -1.56000,
,,,0.004562400000,  -1.56000,
,,,0.004562500000,  -1.48000,
,,,0.004562600000,  -1.48000,
,,,0.004562700000,  -1.48000,
,,,0.004562800000,  -1.48000,
,,,0.004562900000,  -1.52000,
,,,0.004563000000,  -1.56000,
,,,0.004563100000,  -1.52000,
,,,0.004563200000,  -1.52000,
,,,0.004563300000,  -1.48000,
,,,0.004563400000,  -1.52000,
,,,0.004563500000,  -1.48000,
,,,0.004563600000,  -1.60000,
,,,0.004563700000,  -1.56000,
,,,0.004563800000,  -1.56000,
,,,0.004563900000,  -1.52000,
,,,0.004564000000,  -1.52000,
,,,0.004564100000,  -1.56000,
,,,0.004564200000,  -1.56000,
,,,0.004564300000,  -1.52000,
,,,0.004564400000,  -1.64000,
,,,0.004564500000,  -1.48000,
,,,0.004564600000,  -1.48000,
,,,0.004564700000,  -1.52000,
,,,0.004564800000,  -1.52000,
,,,0.004564900000,  -1.48000,
,,,0.004565000000,  -1.52000,
,,,0.004565100000,  -1.52000,
,,,0.004565200000,  -1.48000,
,,,0.004565300000,  -1.52000,
,,,0.004565400000,  -1.56000,
,,,0.004565500000,  -1.52000,
,,,0.004565600000,  -1.56000,
,,,0.004565700000,  -1.52000,
,,,0.004565800000,  -1.52000,
,,,0.004565900000,  -1.52000,
,,,0.004566000000,  -1.48000,
,,,0.004566100000,  -1.56000,
,,,0.004566200000,  -1.48000,
,,,0.004566300000,  -1.56000,
,,,0.004566400000,  -1.56000,
,,,0.004566500000,  -1.48000,
,,,0.004566600000,  -1.52000,
,,,0.004566700000,  -1.56000,
,,,0.004566800000,  -1.52000,
,,,0.004566900000,  -1.56000,
,,,0.004567000000,  -1.48000,
,,,0.004567100000,  -1.52000,
,,,0.004567200000,  -1.48000,
,,,0.004567300000,  -1.48000,
,,,0.004567400000,  -1.52000,
,,,0.004567500000,  -1.48000,
,,,0.004567600000,  -1.48000,
,,,0.004567700000,  -1.56000,
,,,0.004567800000,  -1.44000,
,,,0.004567900000,  -1.52000,
,,,0.004568000000,  -1.48000,
,,,0.004568100000,  -1.44000,
,,,0.004568200000,  -1.48000,
,,,0.004568300000,  -1.44000,
,,,0.004568400000,  -1.52000,
,,,0.004568500000,  -1.48000,
,,,0.004568600000,  -1.48000,
,,,0.004568700000,  -1.48000,
,,,0.004568800000,  -1.48000,
,,,0.004568900000,  -1.52000,
,,,0.004569000000,  -1.48000,
,,,0.004569100000,  -1.52000,
,,,0.004569200000,  -1.40000,
,,,0.004569300000,  -1.44000,
,,,0.004569400000,  -1.44000,
,,,0.004569500000,  -1.52000,
,,,0.004569600000,  -1.48000,
,,,0.004569700000,  -1.44000,
,,,0.004569800000,  -1.48000,
,,,0.004569900000,  -1.40000,
,,,0.004570000000,  -1.56000,
,,,0.004570100000,  -1.44000,
,,,0.004570200000,  -1.48000,
,,,0.004570300000,  -1.52000,
,,,0.004570400000,  -1.56000,
,,,0.004570500000,  -1.44000,
,,,0.004570600000,  -1.44000,
,,,0.004570700000,  -1.44000,
,,,0.004570800000,  -1.44000,
,,,0.004570900000,  -1.44000,
,,,0.004571000000,  -1.44000,
,,,0.004571100000,  -1.52000,
,,,0.004571200000,  -1.48000,
,,,0.004571300000,  -1.48000,
,,,0.004571400000,  -1.48000,
,,,0.004571500000,  -1.40000,
,,,0.004571600000,  -1.48000,
,,,0.004571700000,  -1.52000,
,,,0.004571800000,  -1.56000,
,,,0.004571900000,  -1.48000,
,,,0.004572000000,  -1.44000,
,,,0.004572100000,  -1.40000,
,,,0.004572200000,  -1.48000,
,,,0.004572300000,  -1.44000,
,,,0.004572400000,  -1.32000,
,,,0.004572500000,  -1.40000,
,,,0.004572600000,  -1.36000,
,,,0.004572700000,  -1.48000,
,,,0.004572800000,  -1.44000,
,,,0.004572900000,  -1.44000,
,,,0.004573000000,  -1.48000,
,,,0.004573100000,  -1.44000,
,,,0.004573200000,  -1.48000,
,,,0.004573300000,  -1.44000,
,,,0.004573400000,  -1.40000,
,,,0.004573500000,  -1.48000,
,,,0.004573600000,  -1.44000,
,,,0.004573700000,  -1.48000,
,,,0.004573800000,  -1.40000,
,,,0.004573900000,  -1.40000,
,,,0.004574000000,  -1.48000,
,,,0.004574100000,  -1.44000,
,,,0.004574200000,  -1.40000,
,,,0.004574300000,  -1.40000,
,,,0.004574400000,  -1.44000,
,,,0.004574500000,  -1.40000,
,,,0.004574600000,  -1.40000,
,,,0.004574700000,  -1.36000,
,,,0.004574800000,  -1.40000,
,,,0.004574900000,  -1.40000,
,,,0.004575000000,  -1.36000,
,,,0.004575100000,  -1.40000,
,,,0.004575200000,  -1.48000,
,,,0.004575300000,  -1.44000,
,,,0.004575400000,  -1.36000,
,,,0.004575500000,  -1.44000,
,,,0.004575600000,  -1.40000,
,,,0.004575700000,  -1.44000,
,,,0.004575800000,  -1.40000,
,,,0.004575900000,  -1.32000,
,,,0.004576000000,  -1.36000,
,,,0.004576100000,  -1.44000,
,,,0.004576200000,  -1.40000,
,,,0.004576300000,  -1.36000,
,,,0.004576400000,  -1.44000,
,,,0.004576500000,  -1.36000,
,,,0.004576600000,  -1.40000,
,,,0.004576700000,  -1.36000,
,,,0.004576800000,  -1.36000,
,,,0.004576900000,  -1.36000,
,,,0.004577000000,  -1.32000,
,,,0.004577100000,  -1.32000,
,,,0.004577200000,  -1.40000,
,,,0.004577300000,  -1.32000,
,,,0.004577400000,  -1.32000,
,,,0.004577500000,  -1.40000,
,,,0.004577600000,  -1.40000,
,,,0.004577700000,  -1.28000,
,,,0.004577800000,  -1.36000,
,,,0.004577900000,  -1.32000,
,,,0.004578000000,  -1.36000,
,,,0.004578100000,  -1.32000,
,,,0.004578200000,  -1.32000,
,,,0.004578300000,  -1.28000,
,,,0.004578400000,  -1.36000,
,,,0.004578500000,  -1.32000,
,,,0.004578600000,  -1.36000,
,,,0.004578700000,  -1.32000,
,,,0.004578800000,  -1.32000,
,,,0.004578900000,  -1.32000,
,,,0.004579000000,  -1.32000,
,,,0.004579100000,  -1.28000,
,,,0.004579200000,  -1.24000,
,,,0.004579300000,  -1.24000,
,,,0.004579400000,  -1.28000,
,,,0.004579500000,  -1.24000,
,,,0.004579600000,  -1.32000,
,,,0.004579700000,  -1.32000,
,,,0.004579800000,  -1.36000,
,,,0.004579900000,  -1.36000,
,,,0.004580000000,  -1.32000,
,,,0.004580100000,  -1.20000,
,,,0.004580200000,  -1.28000,
,,,0.004580300000,  -1.28000,
,,,0.004580400000,  -1.28000,
,,,0.004580500000,  -1.24000,
,,,0.004580600000,  -1.24000,
,,,0.004580700000,  -1.32000,
,,,0.004580800000,  -1.24000,
,,,0.004580900000,  -1.24000,
,,,0.004581000000,  -1.28000,
,,,0.004581100000,  -1.24000,
,,,0.004581200000,  -1.28000,
,,,0.004581300000,  -1.24000,
,,,0.004581400000,  -1.20000,
,,,0.004581500000,  -1.24000,
,,,0.004581600000,  -1.28000,
,,,0.004581700000,  -1.28000,
,,,0.004581800000,  -1.32000,
,,,0.004581900000,  -1.20000,
,,,0.004582000000,  -1.24000,
,,,0.004582100000,  -1.28000,
,,,0.004582200000,  -1.20000,
,,,0.004582300000,  -1.20000,
,,,0.004582400000,  -1.20000,
,,,0.004582500000,  -1.16000,
,,,0.004582600000,  -1.20000,
,,,0.004582700000,  -1.24000,
,,,0.004582800000,  -1.28000,
,,,0.004582900000,  -1.20000,
,,,0.004583000000,  -1.20000,
,,,0.004583100000,  -1.24000,
,,,0.004583200000,  -1.24000,
,,,0.004583300000,  -1.20000,
,,,0.004583400000,  -1.28000,
,,,0.004583500000,  -1.16000,
,,,0.004583600000,  -1.16000,
,,,0.004583700000,  -1.24000,
,,,0.004583800000,  -1.16000,
,,,0.004583900000,  -1.24000,
,,,0.004584000000,  -1.20000,
,,,0.004584100000,  -1.16000,
,,,0.004584200000,  -1.20000,
,,,0.004584300000,  -1.16000,
,,,0.004584400000,  -1.20000,
,,,0.004584500000,  -1.12000,
,,,0.004584600000,  -1.16000,
,,,0.004584700000,  -1.20000,
,,,0.004584800000,  -1.12000,
,,,0.004584900000,  -1.20000,
,,,0.004585000000,  -1.12000,
,,,0.004585100000,  -1.16000,
,,,0.004585200000,  -1.12000,
,,,0.004585300000,  -1.12000,
,,,0.004585400000,  -1.16000,
,,,0.004585500000,  -1.16000,
,,,0.004585600000,  -1.16000,
,,,0.004585700000,  -1.16000,
,,,0.004585800000,  -1.12000,
,,,0.004585900000,  -1.12000,
,,,0.004586000000,  -1.08000,
,,,0.004586100000,  -1.16000,
,,,0.004586200000,  -1.12000,
,,,0.004586300000,  -1.12000,
,,,0.004586400000,  -1.16000,
,,,0.004586500000,  -1.12000,
,,,0.004586600000,  -1.20000,
,,,0.004586700000,  -1.08000,
,,,0.004586800000,  -1.12000,
,,,0.004586900000,  -1.08000,
