Record Length,2.500000e+03,,  -0.002280000000, -37.60000,
Sample Interval,2.000000e-06,,  -0.002278000000, -37.60000,
Trigger Point,1.140000000000e+03,,  -0.002276000000, -37.60000,
,,,  -0.002274000000, -38.40000,
,,,  -0.002272000000, -39.20000,
,,,  -0.002270000000, -39.20000,
Source,CH2,,  -0.002268000000, -40.00000,
Vertical Units,V,,  -0.002266000000, -40.00000,
Vertical Scale,2.000000e+01,,  -0.002264000000, -40.80000,
Vertical Offset,-3.200000e+00,,  -0.002262000000, -40.80000,
Horizontal Units,s,,  -0.002260000000, -41.60000,
Horizontal Scale,5.000000e-04,,  -0.002258000000, -41.60000,
Pt Fmt,Y,,  -0.002256000000, -41.60000,
Yzero,0.000000e+00,,  -0.002254000000, -42.40000,
Probe Atten,1.000000e+01,,  -0.002252000000, -42.40000,
Firmware Version,FV:v6.08,,  -0.002250000000, -42.40000,
,,,-00.002248000000, -43.20000,
,,,-00.002246000000, -43.20000,
,,,-00.002244000000, -44.00000,
,,,-00.002242000000, -44.00000,
,,,-00.002240000000, -44.00000,
,,,-00.002238000000, -44.80000,
,,,-00.002236000000, -44.80000,
,,,-00.002234000000, -44.80000,
,,,-00.002232000000, -44.80000,
,,,-00.002230000000, -45.60000,
,,,-00.002228000000, -45.60000,
,,,-00.002226000000, -45.60000,
,,,-00.002224000000, -46.40000,
,,,-00.002222000000, -46.40000,
,,,-00.002220000000, -46.40000,
,,,-00.002218000000, -46.40000,
,,,-00.002216000000, -46.40000,
,,,-00.002214000000, -46.40000,
,,,-00.002212000000, -47.20000,
,,,-00.002210000000, -48.00000,
,,,-00.002208000000, -47.20000,
,,,-00.002206000000, -48.00000,
,,,-00.002204000000, -48.00000,
,,,-00.002202000000, -48.00000,
,,,-00.002200000000, -48.00000,
,,,-00.002198000000, -48.00000,
,,,-00.002196000000, -48.00000,
,,,-00.002194000000, -48.80000,
,,,-00.002192000000, -48.80000,
,,,-00.002190000000, -48.80000,
,,,-00.002188000000, -48.80000,
,,,-00.002186000000, -48.80000,
,,,-00.002184000000, -48.80000,
,,,-00.002182000000, -48.80000,
,,,-00.002180000000, -48.80000,
,,,-00.002178000000, -48.80000,
,,,-00.002176000000, -48.80000,
,,,-00.002174000000, -48.80000,
,,,-00.002172000000, -48.80000,
,,,-00.002170000000, -49.60000,
,,,-00.002168000000, -48.80000,
,,,-00.002166000000, -48.80000,
,,,-00.002164000000, -48.80000,
,,,-00.002162000000, -48.80000,
,,,-00.002160000000, -48.80000,
,,,-00.002158000000, -48.80000,
,,,-00.002156000000, -48.80000,
,,,-00.002154000000, -48.00000,
,,,-00.002152000000, -48.00000,
,,,-00.002150000000, -48.00000,
,,,-00.002148000000, -48.00000,
,,,-00.002146000000, -48.00000,
,,,-00.002144000000, -47.20000,
,,,-00.002142000000, -47.20000,
,,,-00.002140000000, -48.00000,
,,,-00.002138000000, -47.20000,
,,,-00.002136000000, -47.20000,
,,,-00.002134000000, -47.20000,
,,,-00.002132000000, -47.20000,
,,,-00.002130000000, -46.40000,
,,,-00.002128000000, -46.40000,
,,,-00.002126000000, -46.40000,
,,,-00.002124000000, -46.40000,
,,,-00.002122000000, -45.60000,
,,,-00.002120000000, -46.40000,
,,,-00.002118000000, -45.60000,
,,,-00.002116000000, -45.60000,
,,,-00.002114000000, -44.80000,
,,,-00.002112000000, -44.80000,
,,,-00.002110000000, -44.80000,
,,,-00.002108000000, -44.00000,
,,,-00.002106000000, -44.00000,
,,,-00.002104000000, -44.80000,
,,,-00.002102000000, -43.20000,
,,,-00.002100000000, -43.20000,
,,,-00.002098000000, -42.40000,
,,,-00.002096000000, -42.40000,
,,,-00.002094000000, -41.60000,
,,,-00.002092000000, -41.60000,
,,,-00.002090000000, -41.60000,
,,,-00.002088000000, -40.80000,
,,,-00.002086000000, -40.80000,
,,,-00.002084000000, -40.80000,
,,,-00.002082000000, -40.00000,
,,,-00.002080000000, -40.00000,
,,,-00.002078000000, -39.20000,
,,,-00.002076000000, -39.20000,
,,,-00.002074000000, -38.40000,
,,,-00.002072000000, -38.40000,
,,,-00.002070000000, -38.40000,
,,,-00.002068000000, -37.60000,
,,,-00.002066000000, -36.80000,
,,,-00.002064000000, -36.80000,
,,,-00.002062000000, -36.00000,
,,,-00.002060000000, -36.00000,
,,,-00.002058000000, -35.20000,
,,,-00.002056000000, -34.40000,
,,,-00.002054000000, -34.40000,
,,,-00.002052000000, -33.60000,
,,,-00.002050000000, -33.60000,
,,,-00.002048000000, -32.80000,
,,,-00.002046000000, -32.80000,
,,,-00.002044000000, -32.00000,
,,,-00.002042000000, -32.00000,
,,,-00.002040000000, -31.20000,
,,,-00.002038000000, -30.40000,
,,,-00.002036000000, -30.40000,
,,,-00.002034000000, -29.60000,
,,,-00.002032000000, -28.80000,
,,,-00.002030000000, -28.00000,
,,,-00.002028000000, -28.00000,
,,,-00.002026000000, -27.20000,
,,,-00.002024000000, -27.20000,
,,,-00.002022000000, -26.40000,
,,,-00.002020000000, -25.60000,
,,,-00.002018000000, -25.60000,
,,,-00.002016000000, -24.80000,
,,,-00.002014000000, -24.00000,
,,,-00.002012000000, -23.20000,
,,,-00.002010000000, -22.40000,
,,,-00.002008000000, -22.40000,
,,,-00.002006000000, -21.60000,
,,,-00.002004000000, -20.80000,
,,,-00.002002000000, -20.80000,
,,,-00.002000000000, -20.00000,
,,,-00.001998000000, -20.00000,
,,,-00.001996000000, -19.20000,
,,,-00.001994000000, -18.40000,
,,,-00.001992000000, -18.40000,
,,,-00.001990000000, -16.80000,
,,,-00.001988000000, -16.00000,
,,,-00.001986000000, -16.00000,
,,,-00.001984000000, -15.20000,
,,,-00.001982000000, -14.40000,
,,,-00.001980000000, -13.60000,
,,,-00.001978000000, -13.60000,
,,,-00.001976000000, -12.00000,
,,,-00.001974000000, -12.00000,
,,,-00.001972000000, -11.20000,
,,,-00.001970000000, -11.20000,
,,,-00.001968000000, -10.40000,
,,,-00.001966000000,  -9.60000,
,,,-00.001964000000,  -8.80000,
,,,-00.001962000000,  -8.00000,
,,,-00.001960000000,  -7.20000,
,,,-00.001958000000,  -7.20000,
,,,-00.001956000000,  -7.20000,
,,,-00.001954000000,  -5.60000,
,,,-00.001952000000,  -5.60000,
,,,-00.001950000000,  -4.80000,
,,,-00.001948000000,  -4.00000,
,,,-00.001946000000,  -2.40000,
,,,-00.001944000000,  -2.40000,
,,,-00.001942000000,  -1.60000,
,,,-00.001940000000,  -1.60000,
,,,-00.001938000000,   0.00000,
,,,-00.001936000000,   0.80000,
,,,-00.001934000000,   0.80000,
,,,-00.001932000000,   1.60000,
,,,-00.001930000000,   2.40000,
,,,-00.001928000000,   3.20000,
,,,-00.001926000000,   3.20000,
,,,-00.001924000000,   4.80000,
,,,-00.001922000000,   4.80000,
,,,-00.001920000000,   5.60000,
,,,-00.001918000000,   6.40000,
,,,-00.001916000000,   7.20000,
,,,-00.001914000000,   7.20000,
,,,-00.001912000000,   8.80000,
,,,-00.001910000000,   8.80000,
,,,-00.001908000000,   9.60000,
,,,-00.001906000000,  10.40000,
,,,-00.001904000000,  10.40000,
,,,-00.001902000000,  11.20000,
,,,-00.001900000000,  12.00000,
,,,-00.001898000000,  13.60000,
,,,-00.001896000000,  13.60000,
,,,-00.001894000000,  13.60000,
,,,-00.001892000000,  15.20000,
,,,-00.001890000000,  15.20000,
,,,-00.001888000000,  16.00000,
,,,-00.001886000000,  16.80000,
,,,-00.001884000000,  16.80000,
,,,-00.001882000000,  18.40000,
,,,-00.001880000000,  17.60000,
,,,-00.001878000000,  19.20000,
,,,-00.001876000000,  19.20000,
,,,-00.001874000000,  20.00000,
,,,-00.001872000000,  20.80000,
,,,-00.001870000000,  20.80000,
,,,-00.001868000000,  21.60000,
,,,-00.001866000000,  22.40000,
,,,-00.001864000000,  23.20000,
,,,-00.001862000000,  23.20000,
,,,-00.001860000000,  24.00000,
,,,-00.001858000000,  24.80000,
,,,-00.001856000000,  25.60000,
,,,-00.001854000000,  25.60000,
,,,-00.001852000000,  26.40000,
,,,-00.001850000000,  26.40000,
,,,-00.001848000000,  27.20000,
,,,-00.001846000000,  27.20000,
,,,-00.001844000000,  28.00000,
,,,-00.001842000000,  28.80000,
,,,-00.001840000000,  29.60000,
,,,-00.001838000000,  30.40000,
,,,-00.001836000000,  30.40000,
,,,-00.001834000000,  31.20000,
,,,-00.001832000000,  31.20000,
,,,-00.001830000000,  32.00000,
,,,-00.001828000000,  32.00000,
,,,-00.001826000000,  32.80000,
,,,-00.001824000000,  33.60000,
,,,-00.001822000000,  33.60000,
,,,-00.001820000000,  34.40000,
,,,-00.001818000000,  35.20000,
,,,-00.001816000000,  36.00000,
,,,-00.001814000000,  36.00000,
,,,-00.001812000000,  36.00000,
,,,-00.001810000000,  36.00000,
,,,-00.001808000000,  36.80000,
,,,-00.001806000000,  37.60000,
,,,-00.001804000000,  37.60000,
,,,-00.001802000000,  38.40000,
,,,-00.001800000000,  38.40000,
,,,-00.001798000000,  39.20000,
,,,-00.001796000000,  40.00000,
,,,-00.001794000000,  40.00000,
,,,-00.001792000000,  40.00000,
,,,-00.001790000000,  40.00000,
,,,-00.001788000000,  40.80000,
,,,-00.001786000000,  41.60000,
,,,-00.001784000000,  41.60000,
,,,-00.001782000000,  41.60000,
,,,-00.001780000000,  42.40000,
,,,-00.001778000000,  42.40000,
,,,-00.001776000000,  43.20000,
,,,-00.001774000000,  43.20000,
,,,-00.001772000000,  43.20000,
,,,-00.001770000000,  44.00000,
,,,-00.001768000000,  44.00000,
,,,-00.001766000000,  44.80000,
,,,-00.001764000000,  44.80000,
,,,-00.001762000000,  44.80000,
,,,-00.001760000000,  45.60000,
,,,-00.001758000000,  45.60000,
,,,-00.001756000000,  45.60000,
,,,-00.001754000000,  45.60000,
,,,-00.001752000000,  46.40000,
,,,-00.001750000000,  45.60000,
,,,-00.001748000000,  47.20000,
,,,-00.001746000000,  46.40000,
,,,-00.001744000000,  47.20000,
,,,-00.001742000000,  47.20000,
,,,-00.001740000000,  47.20000,
,,,-00.001738000000,  47.20000,
,,,-00.001736000000,  47.20000,
,,,-00.001734000000,  48.00000,
,,,-00.001732000000,  48.00000,
,,,-00.001730000000,  48.00000,
,,,-00.001728000000,  48.00000,
,,,-00.001726000000,  48.00000,
,,,-00.001724000000,  48.00000,
,,,-00.001722000000,  48.80000,
,,,-00.001720000000,  48.00000,
,,,-00.001718000000,  48.80000,
,,,-00.001716000000,  48.80000,
,,,-00.001714000000,  48.80000,
,,,-00.001712000000,  48.80000,
,,,-00.001710000000,  48.80000,
,,,-00.001708000000,  48.80000,
,,,-00.001706000000,  48.80000,
,,,-00.001704000000,  48.80000,
,,,-00.001702000000,  48.80000,
,,,-00.001700000000,  48.80000,
,,,-00.001698000000,  48.80000,
,,,-00.001696000000,  48.80000,
,,,-00.001694000000,  48.80000,
,,,-00.001692000000,  48.80000,
,,,-00.001690000000,  48.80000,
,,,-00.001688000000,  48.80000,
,,,-00.001686000000,  48.80000,
,,,-00.001684000000,  48.80000,
,,,-00.001682000000,  48.80000,
,,,-00.001680000000,  48.00000,
,,,-00.001678000000,  48.00000,
,,,-00.001676000000,  48.00000,
,,,-00.001674000000,  48.00000,
,,,-00.001672000000,  48.00000,
,,,-00.001670000000,  48.00000,
,,,-00.001668000000,  48.00000,
,,,-00.001666000000,  47.20000,
,,,-00.001664000000,  47.20000,
,,,-00.001662000000,  47.20000,
,,,-00.001660000000,  47.20000,
,,,-00.001658000000,  47.20000,
,,,-00.001656000000,  47.20000,
,,,-00.001654000000,  47.20000,
,,,-00.001652000000,  46.40000,
,,,-00.001650000000,  46.40000,
,,,-00.001648000000,  46.40000,
,,,-00.001646000000,  45.60000,
,,,-00.001644000000,  45.60000,
,,,-00.001642000000,  45.60000,
,,,-00.001640000000,  45.60000,
,,,-00.001638000000,  44.80000,
,,,-00.001636000000,  44.80000,
,,,-00.001634000000,  44.80000,
,,,-00.001632000000,  44.00000,
,,,-00.001630000000,  44.00000,
,,,-00.001628000000,  44.00000,
,,,-00.001626000000,  43.20000,
,,,-00.001624000000,  43.20000,
,,,-00.001622000000,  43.20000,
,,,-00.001620000000,  42.40000,
,,,-00.001618000000,  41.60000,
,,,-00.001616000000,  41.60000,
,,,-00.001614000000,  41.60000,
,,,-00.001612000000,  40.80000,
,,,-00.001610000000,  40.80000,
,,,-00.001608000000,  40.00000,
,,,-00.001606000000,  40.00000,
,,,-00.001604000000,  39.20000,
,,,-00.001602000000,  39.20000,
,,,-00.001600000000,  38.40000,
,,,-00.001598000000,  38.40000,
,,,-00.001596000000,  38.40000,
,,,-00.001594000000,  37.60000,
,,,-00.001592000000,  36.80000,
,,,-00.001590000000,  36.80000,
,,,-00.001588000000,  36.00000,
,,,-00.001586000000,  36.00000,
,,,-00.001584000000,  35.20000,
,,,-00.001582000000,  35.20000,
,,,-00.001580000000,  34.40000,
,,,-00.001578000000,  34.40000,
,,,-00.001576000000,  33.60000,
,,,-00.001574000000,  33.60000,
,,,-00.001572000000,  32.80000,
,,,-00.001570000000,  32.80000,
,,,-00.001568000000,  32.00000,
,,,-00.001566000000,  31.20000,
,,,-00.001564000000,  31.20000,
,,,-00.001562000000,  30.40000,
,,,-00.001560000000,  29.60000,
,,,-00.001558000000,  28.80000,
,,,-00.001556000000,  28.00000,
,,,-00.001554000000,  28.00000,
,,,-00.001552000000,  27.20000,
,,,-00.001550000000,  27.20000,
,,,-00.001548000000,  26.40000,
,,,-00.001546000000,  25.60000,
,,,-00.001544000000,  25.60000,
,,,-00.001542000000,  24.80000,
,,,-00.001540000000,  24.00000,
,,,-00.001538000000,  23.20000,
,,,-00.001536000000,  23.20000,
,,,-00.001534000000,  22.40000,
,,,-00.001532000000,  22.40000,
,,,-00.001530000000,  21.60000,
,,,-00.001528000000,  21.60000,
,,,-00.001526000000,  20.80000,
,,,-00.001524000000,  20.00000,
,,,-00.001522000000,  19.20000,
,,,-00.001520000000,  18.40000,
,,,-00.001518000000,  17.60000,
,,,-00.001516000000,  16.80000,
,,,-00.001514000000,  16.00000,
,,,-00.001512000000,  16.00000,
,,,-00.001510000000,  15.20000,
,,,-00.001508000000,  14.40000,
,,,-00.001506000000,  13.60000,
,,,-00.001504000000,  13.60000,
,,,-00.001502000000,  12.80000,
,,,-00.001500000000,  12.00000,
,,,-00.001498000000,  12.00000,
,,,-00.001496000000,  10.40000,
,,,-00.001494000000,  10.40000,
,,,-00.001492000000,   9.60000,
,,,-00.001490000000,   9.60000,
,,,-00.001488000000,   8.80000,
,,,-00.001486000000,   8.00000,
,,,-00.001484000000,   7.20000,
,,,-00.001482000000,   6.40000,
,,,-00.001480000000,   6.40000,
,,,-00.001478000000,   4.80000,
,,,-00.001476000000,   4.80000,
,,,-00.001474000000,   4.00000,
,,,-00.001472000000,   4.00000,
,,,-00.001470000000,   2.40000,
,,,-00.001468000000,   1.60000,
,,,-00.001466000000,   0.80000,
,,,-00.001464000000,   0.80000,
,,,-00.001462000000,   0.00000,
,,,-00.001460000000,  -1.60000,
,,,-00.001458000000,  -1.60000,
,,,-00.001456000000,  -2.40000,
,,,-00.001454000000,  -3.20000,
,,,-00.001452000000,  -4.00000,
,,,-00.001450000000,  -4.00000,
,,,-00.001448000000,  -4.80000,
,,,-00.001446000000,  -6.40000,
,,,-00.001444000000,  -6.40000,
,,,-00.001442000000,  -7.20000,
,,,-00.001440000000,  -7.20000,
,,,-00.001438000000,  -8.00000,
,,,-00.001436000000,  -8.80000,
,,,-00.001434000000,  -9.60000,
,,,-00.001432000000, -10.40000,
,,,-00.001430000000, -11.20000,
,,,-00.001428000000, -11.20000,
,,,-00.001426000000, -12.00000,
,,,-00.001424000000, -12.80000,
,,,-00.001422000000, -13.60000,
,,,-00.001420000000, -14.40000,
,,,-00.001418000000, -14.40000,
,,,-00.001416000000, -15.20000,
,,,-00.001414000000, -16.00000,
,,,-00.001412000000, -16.00000,
,,,-00.001410000000, -16.80000,
,,,-00.001408000000, -17.60000,
,,,-00.001406000000, -17.60000,
,,,-00.001404000000, -18.40000,
,,,-00.001402000000, -19.20000,
,,,-00.001400000000, -20.00000,
,,,-00.001398000000, -20.80000,
,,,-00.001396000000, -20.80000,
,,,-00.001394000000, -21.60000,
,,,-00.001392000000, -21.60000,
,,,-00.001390000000, -22.40000,
,,,-00.001388000000, -24.00000,
,,,-00.001386000000, -24.00000,
,,,-00.001384000000, -24.80000,
,,,-00.001382000000, -24.80000,
,,,-00.001380000000, -25.60000,
,,,-00.001378000000, -26.40000,
,,,-00.001376000000, -26.40000,
,,,-00.001374000000, -27.20000,
,,,-00.001372000000, -27.20000,
,,,-00.001370000000, -28.00000,
,,,-00.001368000000, -28.80000,
,,,-00.001366000000, -28.80000,
,,,-00.001364000000, -29.60000,
,,,-00.001362000000, -30.40000,
,,,-00.001360000000, -30.40000,
,,,-00.001358000000, -32.00000,
,,,-00.001356000000, -32.00000,
,,,-00.001354000000, -32.00000,
,,,-00.001352000000, -32.80000,
,,,-00.001350000000, -33.60000,
,,,-00.001348000000, -33.60000,
,,,-00.001346000000, -34.40000,
,,,-00.001344000000, -34.40000,
,,,-00.001342000000, -35.20000,
,,,-00.001340000000, -35.20000,
,,,-00.001338000000, -36.00000,
,,,-00.001336000000, -36.80000,
,,,-00.001334000000, -36.80000,
,,,-00.001332000000, -37.60000,
,,,-00.001330000000, -37.60000,
,,,-00.001328000000, -37.60000,
,,,-00.001326000000, -38.40000,
,,,-00.001324000000, -38.40000,
,,,-00.001322000000, -39.20000,
,,,-00.001320000000, -40.00000,
,,,-00.001318000000, -40.00000,
,,,-00.001316000000, -40.00000,
,,,-00.001314000000, -40.80000,
,,,-00.001312000000, -40.80000,
,,,-00.001310000000, -40.80000,
,,,-00.001308000000, -41.60000,
,,,-00.001306000000, -41.60000,
,,,-00.001304000000, -42.40000,
,,,-00.001302000000, -42.40000,
,,,-00.001300000000, -43.20000,
,,,-00.001298000000, -43.20000,
,,,-00.001296000000, -43.20000,
,,,-00.001294000000, -44.00000,
,,,-00.001292000000, -44.00000,
,,,-00.001290000000, -44.80000,
,,,-00.001288000000, -44.80000,
,,,-00.001286000000, -44.80000,
,,,-00.001284000000, -44.80000,
,,,-00.001282000000, -45.60000,
,,,-00.001280000000, -45.60000,
,,,-00.001278000000, -45.60000,
,,,-00.001276000000, -45.60000,
,,,-00.001274000000, -46.40000,
,,,-00.001272000000, -46.40000,
,,,-00.001270000000, -46.40000,
,,,-00.001268000000, -46.40000,
,,,-00.001266000000, -47.20000,
,,,-00.001264000000, -47.20000,
,,,-00.001262000000, -47.20000,
,,,-00.001260000000, -48.00000,
,,,-00.001258000000, -47.20000,
,,,-00.001256000000, -48.00000,
,,,-00.001254000000, -48.00000,
,,,-00.001252000000, -48.00000,
,,,-00.001250000000, -48.00000,
,,,-00.001248000000, -48.00000,
,,,-00.001246000000, -48.00000,
,,,-00.001244000000, -48.00000,
,,,-00.001242000000, -48.00000,
,,,-00.001240000000, -48.80000,
,,,-00.001238000000, -48.80000,
,,,-00.001236000000, -48.00000,
,,,-00.001234000000, -48.80000,
,,,-00.001232000000, -48.80000,
,,,-00.001230000000, -48.80000,
,,,-00.001228000000, -48.80000,
,,,-00.001226000000, -48.80000,
,,,-00.001224000000, -48.80000,
,,,-00.001222000000, -48.80000,
,,,-00.001220000000, -48.80000,
,,,-00.001218000000, -48.80000,
,,,-00.001216000000, -48.80000,
,,,-00.001214000000, -48.80000,
,,,-00.001212000000, -48.80000,
,,,-00.001210000000, -48.80000,
,,,-00.001208000000, -48.00000,
,,,-00.001206000000, -48.00000,
,,,-00.001204000000, -48.00000,
,,,-00.001202000000, -48.00000,
,,,-00.001200000000, -48.00000,
,,,-00.001198000000, -48.00000,
,,,-00.001196000000, -48.00000,
,,,-00.001194000000, -48.00000,
,,,-00.001192000000, -47.20000,
,,,-00.001190000000, -47.20000,
,,,-00.001188000000, -47.20000,
,,,-00.001186000000, -47.20000,
,,,-00.001184000000, -46.40000,
,,,-00.001182000000, -46.40000,
,,,-00.001180000000, -46.40000,
,,,-00.001178000000, -46.40000,
,,,-00.001176000000, -45.60000,
,,,-00.001174000000, -46.40000,
,,,-00.001172000000, -45.60000,
,,,-00.001170000000, -44.80000,
,,,-00.001168000000, -44.80000,
,,,-00.001166000000, -44.80000,
,,,-00.001164000000, -44.80000,
,,,-00.001162000000, -44.80000,
,,,-00.001160000000, -44.00000,
,,,-00.001158000000, -44.00000,
,,,-00.001156000000, -44.00000,
,,,-00.001154000000, -43.20000,
,,,-00.001152000000, -43.20000,
,,,-00.001150000000, -43.20000,
,,,-00.001148000000, -42.40000,
,,,-00.001146000000, -41.60000,
,,,-00.001144000000, -41.60000,
,,,-00.001142000000, -41.60000,
,,,-00.001140000000, -41.60000,
,,,-00.001138000000, -40.80000,
,,,-00.001136000000, -40.80000,
,,,-00.001134000000, -40.00000,
,,,-00.001132000000, -40.00000,
,,,-00.001130000000, -40.00000,
,,,-00.001128000000, -39.20000,
,,,-00.001126000000, -38.40000,
,,,-00.001124000000, -38.40000,
,,,-00.001122000000, -37.60000,
,,,-00.001120000000, -37.60000,
,,,-00.001118000000, -37.60000,
,,,-00.001116000000, -36.80000,
,,,-00.001114000000, -36.00000,
,,,-00.001112000000, -35.20000,
,,,-00.001110000000, -35.20000,
,,,-00.001108000000, -34.40000,
,,,-00.001106000000, -34.40000,
,,,-00.001104000000, -33.60000,
,,,-00.001102000000, -33.60000,
,,,-00.001100000000, -33.60000,
,,,-00.001098000000, -32.80000,
,,,-00.001096000000, -32.00000,
,,,-00.001094000000, -32.00000,
,,,-00.001092000000, -31.20000,
,,,-00.001090000000, -30.40000,
,,,-00.001088000000, -30.40000,
,,,-00.001086000000, -29.60000,
,,,-00.001084000000, -28.80000,
,,,-00.001082000000, -28.00000,
,,,-00.001080000000, -28.00000,
,,,-00.001078000000, -27.20000,
,,,-00.001076000000, -27.20000,
,,,-00.001074000000, -25.60000,
,,,-00.001072000000, -26.40000,
,,,-00.001070000000, -25.60000,
,,,-00.001068000000, -24.80000,
,,,-00.001066000000, -24.00000,
,,,-00.001064000000, -23.20000,
,,,-00.001062000000, -22.40000,
,,,-00.001060000000, -22.40000,
,,,-00.001058000000, -21.60000,
,,,-00.001056000000, -20.80000,
,,,-00.001054000000, -20.80000,
,,,-00.001052000000, -20.00000,
,,,-00.001050000000, -19.20000,
,,,-00.001048000000, -18.40000,
,,,-00.001046000000, -18.40000,
,,,-00.001044000000, -17.60000,
,,,-00.001042000000, -16.80000,
,,,-00.001040000000, -16.80000,
,,,-00.001038000000, -16.00000,
,,,-00.001036000000, -15.20000,
,,,-00.001034000000, -15.20000,
,,,-00.001032000000, -14.40000,
,,,-00.001030000000, -13.60000,
,,,-00.001028000000, -12.00000,
,,,-00.001026000000, -12.00000,
,,,-00.001024000000, -12.00000,
,,,-00.001022000000, -11.20000,
,,,-00.001020000000, -10.40000,
,,,-00.001018000000,  -9.60000,
,,,-00.001016000000,  -9.60000,
,,,-00.001014000000,  -8.00000,
,,,-00.001012000000,  -8.00000,
,,,-00.001010000000,  -7.20000,
,,,-00.001008000000,  -7.20000,
,,,-00.001006000000,  -6.40000,
,,,-00.001004000000,  -5.60000,
,,,-00.001002000000,  -4.00000,
,,,-00.001000000000,  -4.80000,
,,,-00.000998000000,  -3.20000,
,,,-00.000996000000,  -3.20000,
,,,-00.000994000000,  -1.60000,
,,,-00.000992000000,  -0.80000,
,,,-00.000990000000,   0.00000,
,,,-00.000988000000,   0.00000,
,,,-00.000986000000,   0.80000,
,,,-00.000984000000,   2.40000,
,,,-00.000982000000,   2.40000,
,,,-00.000980000000,   2.40000,
,,,-00.000978000000,   3.20000,
,,,-00.000976000000,   4.00000,
,,,-00.000974000000,   4.80000,
,,,-00.000972000000,   6.40000,
,,,-00.000970000000,   6.40000,
,,,-00.000968000000,   6.40000,
,,,-00.000966000000,   8.00000,
,,,-00.000964000000,   8.00000,
,,,-00.000962000000,   8.80000,
,,,-00.000960000000,   9.60000,
,,,-00.000958000000,  10.40000,
,,,-00.000956000000,  10.40000,
,,,-00.000954000000,  12.00000,
,,,-00.000952000000,  12.00000,
,,,-00.000950000000,  12.80000,
,,,-00.000948000000,  13.60000,
,,,-00.000946000000,  13.60000,
,,,-00.000944000000,  14.40000,
,,,-00.000942000000,  15.20000,
,,,-00.000940000000,  15.20000,
,,,-00.000938000000,  16.00000,
,,,-00.000936000000,  16.80000,
,,,-00.000934000000,  17.60000,
,,,-00.000932000000,  18.40000,
,,,-00.000930000000,  18.40000,
,,,-00.000928000000,  19.20000,
,,,-00.000926000000,  19.20000,
,,,-00.000924000000,  20.80000,
,,,-00.000922000000,  20.80000,
,,,-00.000920000000,  21.60000,
,,,-00.000918000000,  22.40000,
,,,-00.000916000000,  22.40000,
,,,-00.000914000000,  23.20000,
,,,-00.000912000000,  24.00000,
,,,-00.000910000000,  24.00000,
,,,-00.000908000000,  24.80000,
,,,-00.000906000000,  25.60000,
,,,-00.000904000000,  26.40000,
,,,-00.000902000000,  26.40000,
,,,-00.000900000000,  27.20000,
,,,-00.000898000000,  28.00000,
,,,-00.000896000000,  28.80000,
,,,-00.000894000000,  28.80000,
,,,-00.000892000000,  29.60000,
,,,-00.000890000000,  29.60000,
,,,-00.000888000000,  30.40000,
,,,-00.000886000000,  31.20000,
,,,-00.000884000000,  31.20000,
,,,-00.000882000000,  32.00000,
,,,-00.000880000000,  32.80000,
,,,-00.000878000000,  32.80000,
,,,-00.000876000000,  33.60000,
,,,-00.000874000000,  33.60000,
,,,-00.000872000000,  34.40000,
,,,-00.000870000000,  35.20000,
,,,-00.000868000000,  35.20000,
,,,-00.000866000000,  35.20000,
,,,-00.000864000000,  36.00000,
,,,-00.000862000000,  36.80000,
,,,-00.000860000000,  36.80000,
,,,-00.000858000000,  37.60000,
,,,-00.000856000000,  37.60000,
,,,-00.000854000000,  38.40000,
,,,-00.000852000000,  38.40000,
,,,-00.000850000000,  40.00000,
,,,-00.000848000000,  39.20000,
,,,-00.000846000000,  40.00000,
,,,-00.000844000000,  40.00000,
,,,-00.000842000000,  40.80000,
,,,-00.000840000000,  41.60000,
,,,-00.000838000000,  41.60000,
,,,-00.000836000000,  41.60000,
,,,-00.000834000000,  42.40000,
,,,-00.000832000000,  42.40000,
,,,-00.000830000000,  43.20000,
,,,-00.000828000000,  42.40000,
,,,-00.000826000000,  43.20000,
,,,-00.000824000000,  43.20000,
,,,-00.000822000000,  44.00000,
,,,-00.000820000000,  44.00000,
,,,-00.000818000000,  44.00000,
,,,-00.000816000000,  44.80000,
,,,-00.000814000000,  44.80000,
,,,-00.000812000000,  44.80000,
,,,-00.000810000000,  45.60000,
,,,-00.000808000000,  45.60000,
,,,-00.000806000000,  45.60000,
,,,-00.000804000000,  45.60000,
,,,-00.000802000000,  46.40000,
,,,-00.000800000000,  46.40000,
,,,-00.000798000000,  46.40000,
,,,-00.000796000000,  47.20000,
,,,-00.000794000000,  47.20000,
,,,-00.000792000000,  47.20000,
,,,-00.000790000000,  47.20000,
,,,-00.000788000000,  47.20000,
,,,-00.000786000000,  48.00000,
,,,-00.000784000000,  48.00000,
,,,-00.000782000000,  48.00000,
,,,-00.000780000000,  48.00000,
,,,-00.000778000000,  48.00000,
,,,-00.000776000000,  48.00000,
,,,-00.000774000000,  48.80000,
,,,-00.000772000000,  48.00000,
,,,-00.000770000000,  48.80000,
,,,-00.000768000000,  48.00000,
,,,-00.000766000000,  48.00000,
,,,-00.000764000000,  48.80000,
,,,-00.000762000000,  48.80000,
,,,-00.000760000000,  48.80000,
,,,-00.000758000000,  48.80000,
,,,-00.000756000000,  48.80000,
,,,-00.000754000000,  48.80000,
,,,-00.000752000000,  48.80000,
,,,-00.000750000000,  48.80000,
,,,-00.000748000000,  48.80000,
,,,-00.000746000000,  48.80000,
,,,-00.000744000000,  48.80000,
,,,-00.000742000000,  48.80000,
,,,-00.000740000000,  48.80000,
,,,-00.000738000000,  48.80000,
,,,-00.000736000000,  48.80000,
,,,-00.000734000000,  48.80000,
,,,-00.000732000000,  48.80000,
,,,-00.000730000000,  48.00000,
,,,-00.000728000000,  48.00000,
,,,-00.000726000000,  48.00000,
,,,-00.000724000000,  47.20000,
,,,-00.000722000000,  48.00000,
,,,-00.000720000000,  48.00000,
,,,-00.000718000000,  48.00000,
,,,-00.000716000000,  47.20000,
,,,-00.000714000000,  47.20000,
,,,-00.000712000000,  47.20000,
,,,-00.000710000000,  47.20000,
,,,-00.000708000000,  46.40000,
,,,-00.000706000000,  47.20000,
,,,-00.000704000000,  46.40000,
,,,-00.000702000000,  46.40000,
,,,-00.000700000000,  45.60000,
,,,-00.000698000000,  45.60000,
,,,-00.000696000000,  46.40000,
,,,-00.000694000000,  45.60000,
,,,-00.000692000000,  45.60000,
,,,-00.000690000000,  44.80000,
,,,-00.000688000000,  44.80000,
,,,-00.000686000000,  44.00000,
,,,-00.000684000000,  44.00000,
,,,-00.000682000000,  44.00000,
,,,-00.000680000000,  44.00000,
,,,-00.000678000000,  43.20000,
,,,-00.000676000000,  43.20000,
,,,-00.000674000000,  43.20000,
,,,-00.000672000000,  42.40000,
,,,-00.000670000000,  42.40000,
,,,-00.000668000000,  40.80000,
,,,-00.000666000000,  41.60000,
,,,-00.000664000000,  40.80000,
,,,-00.000662000000,  40.80000,
,,,-00.000660000000,  40.80000,
,,,-00.000658000000,  40.00000,
,,,-00.000656000000,  40.00000,
,,,-00.000654000000,  39.20000,
,,,-00.000652000000,  38.40000,
,,,-00.000650000000,  38.40000,
,,,-00.000648000000,  38.40000,
,,,-00.000646000000,  37.60000,
,,,-00.000644000000,  37.60000,
,,,-00.000642000000,  36.80000,
,,,-00.000640000000,  36.80000,
,,,-00.000638000000,  36.00000,
,,,-00.000636000000,  35.20000,
,,,-00.000634000000,  35.20000,
,,,-00.000632000000,  34.40000,
,,,-00.000630000000,  34.40000,
,,,-00.000628000000,  33.60000,
,,,-00.000626000000,  33.60000,
,,,-00.000624000000,  32.80000,
,,,-00.000622000000,  32.00000,
,,,-00.000620000000,  32.00000,
,,,-00.000618000000,  31.20000,
,,,-00.000616000000,  31.20000,
,,,-00.000614000000,  29.60000,
,,,-00.000612000000,  29.60000,
,,,-00.000610000000,  29.60000,
,,,-00.000608000000,  28.80000,
,,,-00.000606000000,  28.00000,
,,,-00.000604000000,  27.20000,
,,,-00.000602000000,  27.20000,
,,,-00.000600000000,  26.40000,
,,,-00.000598000000,  26.40000,
,,,-00.000596000000,  25.60000,
,,,-00.000594000000,  25.60000,
,,,-00.000592000000,  24.80000,
,,,-00.000590000000,  24.00000,
,,,-00.000588000000,  23.20000,
,,,-00.000586000000,  22.40000,
,,,-00.000584000000,  22.40000,
,,,-00.000582000000,  21.60000,
,,,-00.000580000000,  20.80000,
,,,-00.000578000000,  20.00000,
,,,-00.000576000000,  20.00000,
,,,-00.000574000000,  19.20000,
,,,-00.000572000000,  18.40000,
,,,-00.000570000000,  18.40000,
,,,-00.000568000000,  16.80000,
,,,-00.000566000000,  16.00000,
,,,-00.000564000000,  16.80000,
,,,-00.000562000000,  16.00000,
,,,-00.000560000000,  15.20000,
,,,-00.000558000000,  14.40000,
,,,-00.000556000000,  13.60000,
,,,-00.000554000000,  12.80000,
,,,-00.000552000000,  12.80000,
,,,-00.000550000000,  12.00000,
,,,-00.000548000000,  11.20000,
,,,-00.000546000000,  10.40000,
,,,-00.000544000000,   9.60000,
,,,-00.000542000000,   9.60000,
,,,-00.000540000000,   8.80000,
,,,-00.000538000000,   8.00000,
,,,-00.000536000000,   7.20000,
,,,-00.000534000000,   6.40000,
,,,-00.000532000000,   6.40000,
,,,-00.000530000000,   4.80000,
,,,-00.000528000000,   4.80000,
,,,-00.000526000000,   4.80000,
,,,-00.000524000000,   3.20000,
,,,-00.000522000000,   2.40000,
,,,-00.000520000000,   1.60000,
,,,-00.000518000000,   1.60000,
,,,-00.000516000000,   0.80000,
,,,-00.000514000000,   0.00000,
,,,-00.000512000000,  -0.80000,
,,,-00.000510000000,  -0.80000,
,,,-00.000508000000,  -2.40000,
,,,-00.000506000000,  -3.20000,
,,,-00.000504000000,  -3.20000,
,,,-00.000502000000,  -4.00000,
,,,-00.000500000000,  -4.80000,
,,,-00.000498000000,  -5.60000,
,,,-00.000496000000,  -6.40000,
,,,-00.000494000000,  -7.20000,
,,,-00.000492000000,  -7.20000,
,,,-00.000490000000,  -8.00000,
,,,-00.000488000000,  -8.80000,
,,,-00.000486000000,  -8.80000,
,,,-00.000484000000,  -9.60000,
,,,-00.000482000000, -10.40000,
,,,-00.000480000000, -11.20000,
,,,-00.000478000000, -12.00000,
,,,-00.000476000000, -12.80000,
,,,-00.000474000000, -12.80000,
,,,-00.000472000000, -13.60000,
,,,-00.000470000000, -14.40000,
,,,-00.000468000000, -14.40000,
,,,-00.000466000000, -16.00000,
,,,-00.000464000000, -16.80000,
,,,-00.000462000000, -16.80000,
,,,-00.000460000000, -16.80000,
,,,-00.000458000000, -17.60000,
,,,-00.000456000000, -19.20000,
,,,-00.000454000000, -19.20000,
,,,-00.000452000000, -19.20000,
,,,-00.000450000000, -20.80000,
,,,-00.000448000000, -20.80000,
,,,-00.000446000000, -21.60000,
,,,-00.000444000000, -21.60000,
,,,-00.000442000000, -22.40000,
,,,-00.000440000000, -23.20000,
,,,-00.000438000000, -24.00000,
,,,-00.000436000000, -24.80000,
,,,-00.000434000000, -24.80000,
,,,-00.000432000000, -25.60000,
,,,-00.000430000000, -25.60000,
,,,-00.000428000000, -26.40000,
,,,-00.000426000000, -27.20000,
,,,-00.000424000000, -27.20000,
,,,-00.000422000000, -27.20000,
,,,-00.000420000000, -28.80000,
,,,-00.000418000000, -29.60000,
,,,-00.000416000000, -29.60000,
,,,-00.000414000000, -30.40000,
,,,-00.000412000000, -30.40000,
,,,-00.000410000000, -31.20000,
,,,-00.000408000000, -31.20000,
,,,-00.000406000000, -32.00000,
,,,-00.000404000000, -32.80000,
,,,-00.000402000000, -32.80000,
,,,-00.000400000000, -33.60000,
,,,-00.000398000000, -33.60000,
,,,-00.000396000000, -34.40000,
,,,-00.000394000000, -35.20000,
,,,-00.000392000000, -35.20000,
,,,-00.000390000000, -36.00000,
,,,-00.000388000000, -36.00000,
,,,-00.000386000000, -36.00000,
,,,-00.000384000000, -36.80000,
,,,-00.000382000000, -37.60000,
,,,-00.000380000000, -38.40000,
,,,-00.000378000000, -38.40000,
,,,-00.000376000000, -38.40000,
,,,-00.000374000000, -39.20000,
,,,-00.000372000000, -40.00000,
,,,-00.000370000000, -40.00000,
,,,-00.000368000000, -40.00000,
,,,-00.000366000000, -40.80000,
,,,-00.000364000000, -41.60000,
,,,-00.000362000000, -40.80000,
,,,-00.000360000000, -41.60000,
,,,-00.000358000000, -42.40000,
,,,-00.000356000000, -42.40000,
,,,-00.000354000000, -42.40000,
,,,-00.000352000000, -43.20000,
,,,-00.000350000000, -43.20000,
,,,-00.000348000000, -43.20000,
,,,-00.000346000000, -43.20000,
,,,-00.000344000000, -44.00000,
,,,-00.000342000000, -44.00000,
,,,-00.000340000000, -44.80000,
,,,-00.000338000000, -44.80000,
,,,-00.000336000000, -44.80000,
,,,-00.000334000000, -44.80000,
,,,-00.000332000000, -45.60000,
,,,-00.000330000000, -46.40000,
,,,-00.000328000000, -45.60000,
,,,-00.000326000000, -46.40000,
,,,-00.000324000000, -46.40000,
,,,-00.000322000000, -46.40000,
,,,-00.000320000000, -46.40000,
,,,-00.000318000000, -46.40000,
,,,-00.000316000000, -47.20000,
,,,-00.000314000000, -47.20000,
,,,-00.000312000000, -47.20000,
,,,-00.000310000000, -48.00000,
,,,-00.000308000000, -47.20000,
,,,-00.000306000000, -47.20000,
,,,-00.000304000000, -48.00000,
,,,-00.000302000000, -48.00000,
,,,-00.000300000000, -48.00000,
,,,-00.000298000000, -48.00000,
,,,-00.000296000000, -48.80000,
,,,-00.000294000000, -48.00000,
,,,-00.000292000000, -48.80000,
,,,-00.000290000000, -48.80000,
,,,-00.000288000000, -48.80000,
,,,-00.000286000000, -48.80000,
,,,-00.000284000000, -48.80000,
,,,-00.000282000000, -48.80000,
,,,-00.000280000000, -48.80000,
,,,-00.000278000000, -48.80000,
,,,-00.000276000000, -48.80000,
,,,-00.000274000000, -48.80000,
,,,-00.000272000000, -48.80000,
,,,-00.000270000000, -48.80000,
,,,-00.000268000000, -48.80000,
,,,-00.000266000000, -48.80000,
,,,-00.000264000000, -48.80000,
,,,-00.000262000000, -48.80000,
,,,-00.000260000000, -48.80000,
,,,-00.000258000000, -48.00000,
,,,-00.000256000000, -48.00000,
,,,-00.000254000000, -48.00000,
,,,-00.000252000000, -48.00000,
,,,-00.000250000000, -48.00000,
,,,-00.000248000000, -48.00000,
,,,-00.000246000000, -47.20000,
,,,-00.000244000000, -47.20000,
,,,-00.000242000000, -48.00000,
,,,-00.000240000000, -47.20000,
,,,-00.000238000000, -47.20000,
,,,-00.000236000000, -47.20000,
,,,-00.000234000000, -46.40000,
,,,-00.000232000000, -46.40000,
,,,-00.000230000000, -46.40000,
,,,-00.000228000000, -46.40000,
,,,-00.000226000000, -46.40000,
,,,-00.000224000000, -45.60000,
,,,-00.000222000000, -45.60000,
,,,-00.000220000000, -44.80000,
,,,-00.000218000000, -45.60000,
,,,-00.000216000000, -44.80000,
,,,-00.000214000000, -44.80000,
,,,-00.000212000000, -44.80000,
,,,-00.000210000000, -44.00000,
,,,-00.000208000000, -44.00000,
,,,-00.000206000000, -43.20000,
,,,-00.000204000000, -43.20000,
,,,-00.000202000000, -42.40000,
,,,-00.000200000000, -42.40000,
,,,-00.000198000000, -42.40000,
,,,-00.000196000000, -41.60000,
,,,-00.000194000000, -41.60000,
,,,-00.000192000000, -41.60000,
,,,-00.000190000000, -40.80000,
,,,-00.000188000000, -40.80000,
,,,-00.000186000000, -40.00000,
,,,-00.000184000000, -40.00000,
,,,-00.000182000000, -40.00000,
,,,-00.000180000000, -39.20000,
,,,-00.000178000000, -39.20000,
,,,-00.000176000000, -38.40000,
,,,-00.000174000000, -37.60000,
,,,-00.000172000000, -37.60000,
,,,-00.000170000000, -36.80000,
,,,-00.000168000000, -36.80000,
,,,-00.000166000000, -36.00000,
,,,-00.000164000000, -36.00000,
,,,-00.000162000000, -35.20000,
,,,-00.000160000000, -35.20000,
,,,-00.000158000000, -34.40000,
,,,-00.000156000000, -34.40000,
,,,-00.000154000000, -34.40000,
,,,-00.000152000000, -32.80000,
,,,-00.000150000000, -32.80000,
,,,-00.000148000000, -32.00000,
,,,-00.000146000000, -31.20000,
,,,-00.000144000000, -32.00000,
,,,-00.000142000000, -31.20000,
,,,-00.000140000000, -30.40000,
,,,-00.000138000000, -29.60000,
,,,-00.000136000000, -29.60000,
,,,-00.000134000000, -28.80000,
,,,-00.000132000000, -28.00000,
,,,-00.000130000000, -28.00000,
,,,-00.000128000000, -27.20000,
,,,-00.000126000000, -26.40000,
,,,-00.000124000000, -25.60000,
,,,-00.000122000000, -25.60000,
,,,-00.000120000000, -24.80000,
,,,-00.000118000000, -24.00000,
,,,-00.000116000000, -24.00000,
,,,-00.000114000000, -23.20000,
,,,-00.000112000000, -23.20000,
,,,-00.000110000000, -21.60000,
,,,-00.000108000000, -21.60000,
,,,-00.000106000000, -20.80000,
,,,-00.000104000000, -20.00000,
,,,-00.000102000000, -20.00000,
,,,-00.000100000000, -19.20000,
,,,-00.000098000000, -18.40000,
,,,-00.000096000000, -17.60000,
,,,-00.000094000000, -17.60000,
,,,-00.000092000000, -16.80000,
,,,-00.000090000000, -16.00000,
,,,-00.000088000000, -16.00000,
,,,-00.000086000000, -15.20000,
,,,-00.000084000000, -13.60000,
,,,-00.000082000000, -13.60000,
,,,-00.000080000000, -12.80000,
,,,-00.000078000000, -12.00000,
,,,-00.000076000000, -12.00000,
,,,-00.000074000000, -11.20000,
,,,-00.000072000000, -10.40000,
,,,-00.000070000000,  -9.60000,
,,,-00.000068000000,  -9.60000,
,,,-00.000066000000,  -8.80000,
,,,-00.000064000000,  -8.00000,
,,,-00.000062000000,  -8.00000,
,,,-00.000060000000,  -7.20000,
,,,-00.000058000000,  -6.40000,
,,,-00.000056000000,  -4.80000,
,,,-00.000054000000,  -4.80000,
,,,-00.000052000000,  -4.00000,
,,,-00.000050000000,  -4.00000,
,,,-00.000048000000,  -2.40000,
,,,-00.000046000000,  -2.40000,
,,,-00.000044000000,  -1.60000,
,,,-00.000042000000,  -0.80000,
,,,-00.000040000000,   0.00000,
,,,-00.000038000000,   0.80000,
,,,-00.000036000000,   0.80000,
,,,-00.000034000000,   1.60000,
,,,-00.000032000000,   2.40000,
,,,-00.000030000000,   4.00000,
,,,-00.000028000000,   4.00000,
,,,-00.000026000000,   4.80000,
,,,-00.000024000000,   4.80000,
,,,-00.000022000000,   6.40000,
,,,-00.000020000000,   6.40000,
,,,-00.000018000000,   7.20000,
,,,-00.000016000000,   8.00000,
,,,-00.000014000000,   8.80000,
,,,-00.000012000000,   9.60000,
,,,-00.000010000000,   9.60000,
,,,-00.000008000000,  10.40000,
,,,-00.000006000000,  11.20000,
,,,-00.000004000000,  12.00000,
,,,-00.000002000000,  12.80000,
,,,-00.000000000000,  13.60000,
,,,00.000002000000,  13.60000,
,,,00.000004000000,  14.40000,
,,,00.000006000000,  15.20000,
,,,00.000008000000,  15.20000,
,,,00.000010000000,  16.00000,
,,,00.000012000000,  16.80000,
,,,00.000014000000,  16.80000,
,,,00.000016000000,  17.60000,
,,,00.000018000000,  18.40000,
,,,00.000020000000,  19.20000,
,,,00.000022000000,  20.00000,
,,,00.000024000000,  20.00000,
,,,00.000026000000,  20.80000,
,,,00.000028000000,  21.60000,
,,,00.000030000000,  21.60000,
,,,00.000032000000,  23.20000,
,,,00.000034000000,  23.20000,
,,,00.000036000000,  24.00000,
,,,00.000038000000,  24.80000,
,,,00.000040000000,  24.80000,
,,,00.000042000000,  25.60000,
,,,00.000044000000,  26.40000,
,,,00.000046000000,  26.40000,
,,,00.000048000000,  27.20000,
,,,00.000050000000,  27.20000,
,,,00.000052000000,  28.00000,
,,,00.000054000000,  28.80000,
,,,00.000056000000,  29.60000,
,,,00.000058000000,  29.60000,
,,,00.000060000000,  30.40000,
,,,00.000062000000,  30.40000,
,,,00.000064000000,  31.20000,
,,,00.000066000000,  32.00000,
,,,00.000068000000,  32.80000,
,,,00.000070000000,  32.80000,
,,,00.000072000000,  33.60000,
,,,00.000074000000,  33.60000,
,,,00.000076000000,  34.40000,
,,,00.000078000000,  34.40000,
,,,00.000080000000,  35.20000,
,,,00.000082000000,  35.20000,
,,,00.000084000000,  36.00000,
,,,00.000086000000,  36.00000,
,,,00.000088000000,  36.00000,
,,,00.000090000000,  36.80000,
,,,00.000092000000,  37.60000,
,,,00.000094000000,  37.60000,
,,,00.000096000000,  38.40000,
,,,00.000098000000,  39.20000,
,,,00.000100000000,  40.00000,
,,,00.000102000000,  40.00000,
,,,00.000104000000,  40.00000,
,,,00.000106000000,  40.00000,
,,,00.000108000000,  40.80000,
,,,00.000110000000,  40.80000,
,,,00.000112000000,  41.60000,
,,,00.000114000000,  41.60000,
,,,00.000116000000,  41.60000,
,,,00.000118000000,  42.40000,
,,,00.000120000000,  42.40000,
,,,00.000122000000,  43.20000,
,,,00.000124000000,  43.20000,
,,,00.000126000000,  44.00000,
,,,00.000128000000,  44.00000,
,,,00.000130000000,  44.00000,
,,,00.000132000000,  44.00000,
,,,00.000134000000,  44.80000,
,,,00.000136000000,  44.80000,
,,,00.000138000000,  44.80000,
,,,00.000140000000,  45.60000,
,,,00.000142000000,  46.40000,
,,,00.000144000000,  45.60000,
,,,00.000146000000,  46.40000,
,,,00.000148000000,  46.40000,
,,,00.000150000000,  46.40000,
,,,00.000152000000,  47.20000,
,,,00.000154000000,  47.20000,
,,,00.000156000000,  47.20000,
,,,00.000158000000,  47.20000,
,,,00.000160000000,  47.20000,
,,,00.000162000000,  47.20000,
,,,00.000164000000,  47.20000,
,,,00.000166000000,  47.20000,
,,,00.000168000000,  47.20000,
,,,00.000170000000,  48.00000,
,,,00.000172000000,  48.00000,
,,,00.000174000000,  48.80000,
,,,00.000176000000,  48.00000,
,,,00.000178000000,  48.80000,
,,,00.000180000000,  48.00000,
,,,00.000182000000,  48.80000,
,,,00.000184000000,  48.80000,
,,,00.000186000000,  48.80000,
,,,00.000188000000,  48.80000,
,,,00.000190000000,  48.00000,
,,,00.000192000000,  48.80000,
,,,00.000194000000,  48.80000,
,,,00.000196000000,  48.80000,
,,,00.000198000000,  48.80000,
,,,00.000200000000,  48.80000,
,,,00.000202000000,  48.80000,
,,,00.000204000000,  48.80000,
,,,00.000206000000,  48.80000,
,,,00.000208000000,  48.80000,
,,,00.000210000000,  48.80000,
,,,00.000212000000,  48.00000,
,,,00.000214000000,  48.80000,
,,,00.000216000000,  48.00000,
,,,00.000218000000,  48.00000,
,,,00.000220000000,  48.00000,
,,,00.000222000000,  48.00000,
,,,00.000224000000,  48.00000,
,,,00.000226000000,  48.00000,
,,,00.000228000000,  48.00000,
,,,00.000230000000,  48.00000,
,,,00.000232000000,  48.00000,
,,,00.000234000000,  47.20000,
,,,00.000236000000,  47.20000,
,,,00.000238000000,  47.20000,
,,,00.000240000000,  46.40000,
,,,00.000242000000,  46.40000,
,,,00.000244000000,  47.20000,
,,,00.000246000000,  46.40000,
,,,00.000248000000,  45.60000,
,,,00.000250000000,  45.60000,
,,,00.000252000000,  45.60000,
,,,00.000254000000,  45.60000,
,,,00.000256000000,  45.60000,
,,,00.000258000000,  45.60000,
,,,00.000260000000,  44.80000,
,,,00.000262000000,  44.00000,
,,,00.000264000000,  44.00000,
,,,00.000266000000,  44.00000,
,,,00.000268000000,  43.20000,
,,,00.000270000000,  43.20000,
,,,00.000272000000,  43.20000,
,,,00.000274000000,  42.40000,
,,,00.000276000000,  42.40000,
,,,00.000278000000,  41.60000,
,,,00.000280000000,  41.60000,
,,,00.000282000000,  41.60000,
,,,00.000284000000,  40.80000,
,,,00.000286000000,  40.80000,
,,,00.000288000000,  40.00000,
,,,00.000290000000,  40.00000,
,,,00.000292000000,  39.20000,
,,,00.000294000000,  39.20000,
,,,00.000296000000,  39.20000,
,,,00.000298000000,  38.40000,
,,,00.000300000000,  38.40000,
,,,00.000302000000,  36.80000,
,,,00.000304000000,  37.60000,
,,,00.000306000000,  36.80000,
,,,00.000308000000,  36.00000,
,,,00.000310000000,  36.00000,
,,,00.000312000000,  35.20000,
,,,00.000314000000,  35.20000,
,,,00.000316000000,  34.40000,
,,,00.000318000000,  34.40000,
,,,00.000320000000,  33.60000,
,,,00.000322000000,  33.60000,
,,,00.000324000000,  32.80000,
,,,00.000326000000,  32.00000,
,,,00.000328000000,  32.00000,
,,,00.000330000000,  31.20000,
,,,00.000332000000,  30.40000,
,,,00.000334000000,  29.60000,
,,,00.000336000000,  29.60000,
,,,00.000338000000,  29.60000,
,,,00.000340000000,  28.80000,
,,,00.000342000000,  28.00000,
,,,00.000344000000,  28.00000,
,,,00.000346000000,  27.20000,
,,,00.000348000000,  26.40000,
,,,00.000350000000,  25.60000,
,,,00.000352000000,  25.60000,
,,,00.000354000000,  25.60000,
,,,00.000356000000,  24.80000,
,,,00.000358000000,  24.00000,
,,,00.000360000000,  23.20000,
,,,00.000362000000,  23.20000,
,,,00.000364000000,  22.40000,
,,,00.000366000000,  21.60000,
,,,00.000368000000,  20.80000,
,,,00.000370000000,  20.80000,
,,,00.000372000000,  20.00000,
,,,00.000374000000,  19.20000,
,,,00.000376000000,  19.20000,
,,,00.000378000000,  18.40000,
,,,00.000380000000,  17.60000,
,,,00.000382000000,  16.80000,
,,,00.000384000000,  16.80000,
,,,00.000386000000,  16.00000,
,,,00.000388000000,  15.20000,
,,,00.000390000000,  14.40000,
,,,00.000392000000,  13.60000,
,,,00.000394000000,  13.60000,
,,,00.000396000000,  12.80000,
,,,00.000398000000,  12.00000,
,,,00.000400000000,  11.20000,
,,,00.000402000000,  11.20000,
,,,00.000404000000,   9.60000,
,,,00.000406000000,   9.60000,
,,,00.000408000000,   8.80000,
,,,00.000410000000,   8.00000,
,,,00.000412000000,   8.00000,
,,,00.000414000000,   7.20000,
,,,00.000416000000,   6.40000,
,,,00.000418000000,   5.60000,
,,,00.000420000000,   4.80000,
,,,00.000422000000,   4.00000,
,,,00.000424000000,   4.00000,
,,,00.000426000000,   2.40000,
,,,00.000428000000,   2.40000,
,,,00.000430000000,   1.60000,
,,,00.000432000000,   0.80000,
,,,00.000434000000,   0.00000,
,,,00.000436000000,   0.00000,
,,,00.000438000000,  -0.80000,
,,,00.000440000000,  -1.60000,
,,,00.000442000000,  -2.40000,
,,,00.000444000000,  -3.20000,
,,,00.000446000000,  -4.00000,
,,,00.000448000000,  -4.80000,
,,,00.000450000000,  -5.60000,
,,,00.000452000000,  -5.60000,
,,,00.000454000000,  -6.40000,
,,,00.000456000000,  -7.20000,
,,,00.000458000000,  -8.00000,
,,,00.000460000000,  -8.80000,
,,,00.000462000000,  -9.60000,
,,,00.000464000000,  -9.60000,
,,,00.000466000000, -10.40000,
,,,00.000468000000, -11.20000,
,,,00.000470000000, -12.00000,
,,,00.000472000000, -12.80000,
,,,00.000474000000, -12.80000,
,,,00.000476000000, -13.60000,
,,,00.000478000000, -14.40000,
,,,00.000480000000, -14.40000,
,,,00.000482000000, -15.20000,
,,,00.000484000000, -15.20000,
,,,00.000486000000, -16.00000,
,,,00.000488000000, -16.80000,
,,,00.000490000000, -17.60000,
,,,00.000492000000, -18.40000,
,,,00.000494000000, -18.40000,
,,,00.000496000000, -20.00000,
,,,00.000498000000, -20.00000,
,,,00.000500000000, -20.80000,
,,,00.000502000000, -20.80000,
,,,00.000504000000, -22.40000,
,,,00.000506000000, -22.40000,
,,,00.000508000000, -23.20000,
,,,00.000510000000, -24.00000,
,,,00.000512000000, -24.00000,
,,,00.000514000000, -24.00000,
,,,00.000516000000, -25.60000,
,,,00.000518000000, -26.40000,
,,,00.000520000000, -26.40000,
,,,00.000522000000, -27.20000,
,,,00.000524000000, -27.20000,
,,,00.000526000000, -28.00000,
,,,00.000528000000, -28.80000,
,,,00.000530000000, -28.80000,
,,,00.000532000000, -28.80000,
,,,00.000534000000, -30.40000,
,,,00.000536000000, -30.40000,
,,,00.000538000000, -31.20000,
,,,00.000540000000, -31.20000,
,,,00.000542000000, -31.20000,
,,,00.000544000000, -32.80000,
,,,00.000546000000, -32.80000,
,,,00.000548000000, -32.80000,
,,,00.000550000000, -33.60000,
,,,00.000552000000, -34.40000,
,,,00.000554000000, -35.20000,
,,,00.000556000000, -35.20000,
,,,00.000558000000, -35.20000,
,,,00.000560000000, -36.00000,
,,,00.000562000000, -36.80000,
,,,00.000564000000, -36.80000,
,,,00.000566000000, -37.60000,
,,,00.000568000000, -38.40000,
,,,00.000570000000, -38.40000,
,,,00.000572000000, -38.40000,
,,,00.000574000000, -39.20000,
,,,00.000576000000, -39.20000,
,,,00.000578000000, -40.00000,
,,,00.000580000000, -40.00000,
,,,00.000582000000, -40.00000,
,,,00.000584000000, -40.80000,
,,,00.000586000000, -40.80000,
,,,00.000588000000, -41.60000,
,,,00.000590000000, -41.60000,
,,,00.000592000000, -42.40000,
,,,00.000594000000, -42.40000,
,,,00.000596000000, -42.40000,
,,,00.000598000000, -43.20000,
,,,00.000600000000, -43.20000,
,,,00.000602000000, -43.20000,
,,,00.000604000000, -43.20000,
,,,00.000606000000, -44.80000,
,,,00.000608000000, -44.80000,
,,,00.000610000000, -44.80000,
,,,00.000612000000, -44.80000,
,,,00.000614000000, -44.80000,
,,,00.000616000000, -45.60000,
,,,00.000618000000, -45.60000,
,,,00.000620000000, -46.40000,
,,,00.000622000000, -45.60000,
,,,00.000624000000, -46.40000,
,,,00.000626000000, -46.40000,
,,,00.000628000000, -46.40000,
,,,00.000630000000, -47.20000,
,,,00.000632000000, -47.20000,
,,,00.000634000000, -47.20000,
,,,00.000636000000, -47.20000,
,,,00.000638000000, -47.20000,
,,,00.000640000000, -47.20000,
,,,00.000642000000, -47.20000,
,,,00.000644000000, -48.00000,
,,,00.000646000000, -48.00000,
,,,00.000648000000, -48.00000,
,,,00.000650000000, -48.00000,
,,,00.000652000000, -48.80000,
,,,00.000654000000, -48.80000,
,,,00.000656000000, -48.80000,
,,,00.000658000000, -48.80000,
,,,00.000660000000, -48.00000,
,,,00.000662000000, -48.80000,
,,,00.000664000000, -48.80000,
,,,00.000666000000, -48.80000,
,,,00.000668000000, -48.80000,
,,,00.000670000000, -48.80000,
,,,00.000672000000, -48.80000,
,,,00.000674000000, -48.80000,
,,,00.000676000000, -48.80000,
,,,00.000678000000, -48.80000,
,,,00.000680000000, -48.80000,
,,,00.000682000000, -48.80000,
,,,00.000684000000, -48.80000,
,,,00.000686000000, -48.80000,
,,,00.000688000000, -48.80000,
,,,00.000690000000, -48.00000,
,,,00.000692000000, -48.80000,
,,,00.000694000000, -48.00000,
,,,00.000696000000, -48.00000,
,,,00.000698000000, -48.00000,
,,,00.000700000000, -48.00000,
,,,00.000702000000, -48.00000,
,,,00.000704000000, -48.00000,
,,,00.000706000000, -47.20000,
,,,00.000708000000, -47.20000,
,,,00.000710000000, -46.40000,
,,,00.000712000000, -47.20000,
,,,00.000714000000, -46.40000,
,,,00.000716000000, -47.20000,
,,,00.000718000000, -46.40000,
,,,00.000720000000, -46.40000,
,,,00.000722000000, -46.40000,
,,,00.000724000000, -46.40000,
,,,00.000726000000, -45.60000,
,,,00.000728000000, -44.80000,
,,,00.000730000000, -44.80000,
,,,00.000732000000, -44.80000,
,,,00.000734000000, -44.80000,
,,,00.000736000000, -44.00000,
,,,00.000738000000, -44.80000,
,,,00.000740000000, -44.00000,
,,,00.000742000000, -43.20000,
,,,00.000744000000, -43.20000,
,,,00.000746000000, -43.20000,
,,,00.000748000000, -43.20000,
,,,00.000750000000, -42.40000,
,,,00.000752000000, -41.60000,
,,,00.000754000000, -41.60000,
,,,00.000756000000, -41.60000,
,,,00.000758000000, -41.60000,
,,,00.000760000000, -40.80000,
,,,00.000762000000, -40.80000,
,,,00.000764000000, -40.00000,
,,,00.000766000000, -40.00000,
,,,00.000768000000, -39.20000,
,,,00.000770000000, -39.20000,
,,,00.000772000000, -38.40000,
,,,00.000774000000, -37.60000,
,,,00.000776000000, -37.60000,
,,,00.000778000000, -37.60000,
,,,00.000780000000, -36.80000,
,,,00.000782000000, -36.00000,
,,,00.000784000000, -36.00000,
,,,00.000786000000, -36.00000,
,,,00.000788000000, -35.20000,
,,,00.000790000000, -35.20000,
,,,00.000792000000, -34.40000,
,,,00.000794000000, -33.60000,
,,,00.000796000000, -32.80000,
,,,00.000798000000, -32.80000,
,,,00.000800000000, -32.80000,
,,,00.000802000000, -32.00000,
,,,00.000804000000, -31.20000,
,,,00.000806000000, -31.20000,
,,,00.000808000000, -29.60000,
,,,00.000810000000, -30.40000,
,,,00.000812000000, -28.80000,
,,,00.000814000000, -28.80000,
,,,00.000816000000, -28.80000,
,,,00.000818000000, -27.20000,
,,,00.000820000000, -27.20000,
,,,00.000822000000, -26.40000,
,,,00.000824000000, -26.40000,
,,,00.000826000000, -24.80000,
,,,00.000828000000, -24.80000,
,,,00.000830000000, -24.00000,
,,,00.000832000000, -24.00000,
,,,00.000834000000, -23.20000,
,,,00.000836000000, -23.20000,
,,,00.000838000000, -22.40000,
,,,00.000840000000, -21.60000,
,,,00.000842000000, -21.60000,
,,,00.000844000000, -20.80000,
,,,00.000846000000, -20.00000,
,,,00.000848000000, -20.00000,
,,,00.000850000000, -18.40000,
,,,00.000852000000, -17.60000,
,,,00.000854000000, -16.80000,
,,,00.000856000000, -16.80000,
,,,00.000858000000, -16.00000,
,,,00.000860000000, -15.20000,
,,,00.000862000000, -15.20000,
,,,00.000864000000, -14.40000,
,,,00.000866000000, -13.60000,
,,,00.000868000000, -12.80000,
,,,00.000870000000, -12.80000,
,,,00.000872000000, -12.00000,
,,,00.000874000000, -11.20000,
,,,00.000876000000, -11.20000,
,,,00.000878000000, -10.40000,
,,,00.000880000000,  -9.60000,
,,,00.000882000000,  -8.80000,
,,,00.000884000000,  -8.00000,
,,,00.000886000000,  -8.00000,
,,,00.000888000000,  -7.20000,
,,,00.000890000000,  -6.40000,
,,,00.000892000000,  -5.60000,
,,,00.000894000000,  -5.60000,
,,,00.000896000000,  -4.00000,
,,,00.000898000000,  -4.00000,
,,,00.000900000000,  -3.20000,
,,,00.000902000000,  -2.40000,
,,,00.000904000000,  -2.40000,
,,,00.000906000000,  -0.80000,
,,,00.000908000000,   0.00000,
,,,00.000910000000,   0.00000,
,,,00.000912000000,   0.80000,
,,,00.000914000000,   1.60000,
,,,00.000916000000,   2.40000,
,,,00.000918000000,   3.20000,
,,,00.000920000000,   4.00000,
,,,00.000922000000,   4.80000,
,,,00.000924000000,   5.60000,
,,,00.000926000000,   6.40000,
,,,00.000928000000,   6.40000,
,,,00.000930000000,   6.40000,
,,,00.000932000000,   8.00000,
,,,00.000934000000,   8.00000,
,,,00.000936000000,   8.80000,
,,,00.000938000000,   9.60000,
,,,00.000940000000,   9.60000,
,,,00.000942000000,  11.20000,
,,,00.000944000000,  11.20000,
,,,00.000946000000,  12.00000,
,,,00.000948000000,  12.80000,
,,,00.000950000000,  13.60000,
,,,00.000952000000,  13.60000,
,,,00.000954000000,  14.40000,
,,,00.000956000000,  15.20000,
,,,00.000958000000,  16.00000,
,,,00.000960000000,  16.80000,
,,,00.000962000000,  17.60000,
,,,00.000964000000,  17.60000,
,,,00.000966000000,  18.40000,
,,,00.000968000000,  19.20000,
,,,00.000970000000,  20.00000,
,,,00.000972000000,  20.00000,
,,,00.000974000000,  20.80000,
,,,00.000976000000,  21.60000,
,,,00.000978000000,  21.60000,
,,,00.000980000000,  22.40000,
,,,00.000982000000,  22.40000,
,,,00.000984000000,  23.20000,
,,,00.000986000000,  24.00000,
,,,00.000988000000,  24.80000,
,,,00.000990000000,  25.60000,
,,,00.000992000000,  25.60000,
,,,00.000994000000,  26.40000,
,,,00.000996000000,  26.40000,
,,,00.000998000000,  27.20000,
,,,00.001000000000,  28.80000,
,,,00.001002000000,  28.80000,
,,,00.001004000000,  28.80000,
,,,00.001006000000,  29.60000,
,,,00.001008000000,  30.40000,
,,,00.001010000000,  30.40000,
,,,00.001012000000,  31.20000,
,,,00.001014000000,  32.00000,
,,,00.001016000000,  32.00000,
,,,00.001018000000,  32.80000,
,,,00.001020000000,  32.80000,
,,,00.001022000000,  33.60000,
,,,00.001024000000,  34.40000,
,,,00.001026000000,  34.40000,
,,,00.001028000000,  34.40000,
,,,00.001030000000,  36.00000,
,,,00.001032000000,  36.00000,
,,,00.001034000000,  36.00000,
,,,00.001036000000,  36.80000,
,,,00.001038000000,  36.80000,
,,,00.001040000000,  37.60000,
,,,00.001042000000,  37.60000,
,,,00.001044000000,  38.40000,
,,,00.001046000000,  39.20000,
,,,00.001048000000,  39.20000,
,,,00.001050000000,  40.00000,
,,,00.001052000000,  40.00000,
,,,00.001054000000,  40.00000,
,,,00.001056000000,  40.80000,
,,,00.001058000000,  40.80000,
,,,00.001060000000,  41.60000,
,,,00.001062000000,  41.60000,
,,,00.001064000000,  41.60000,
,,,00.001066000000,  42.40000,
,,,00.001068000000,  43.20000,
,,,00.001070000000,  43.20000,
,,,00.001072000000,  43.20000,
,,,00.001074000000,  43.20000,
,,,00.001076000000,  44.00000,
,,,00.001078000000,  44.00000,
,,,00.001080000000,  44.80000,
,,,00.001082000000,  44.80000,
,,,00.001084000000,  45.60000,
,,,00.001086000000,  44.80000,
,,,00.001088000000,  45.60000,
,,,00.001090000000,  45.60000,
,,,00.001092000000,  46.40000,
,,,00.001094000000,  45.60000,
,,,00.001096000000,  46.40000,
,,,00.001098000000,  47.20000,
,,,00.001100000000,  46.40000,
,,,00.001102000000,  47.20000,
,,,00.001104000000,  47.20000,
,,,00.001106000000,  47.20000,
,,,00.001108000000,  47.20000,
,,,00.001110000000,  47.20000,
,,,00.001112000000,  48.00000,
,,,00.001114000000,  48.00000,
,,,00.001116000000,  48.00000,
,,,00.001118000000,  48.00000,
,,,00.001120000000,  48.00000,
,,,00.001122000000,  48.80000,
,,,00.001124000000,  48.00000,
,,,00.001126000000,  48.80000,
,,,00.001128000000,  48.00000,
,,,00.001130000000,  48.00000,
,,,00.001132000000,  48.00000,
,,,00.001134000000,  48.80000,
,,,00.001136000000,  48.80000,
,,,00.001138000000,  48.80000,
,,,00.001140000000,  48.80000,
,,,00.001142000000,  48.80000,
,,,00.001144000000,  48.80000,
,,,00.001146000000,  48.80000,
,,,00.001148000000,  49.60000,
,,,00.001150000000,  48.80000,
,,,00.001152000000,  48.80000,
,,,00.001154000000,  48.80000,
,,,00.001156000000,  48.80000,
,,,00.001158000000,  48.80000,
,,,00.001160000000,  48.80000,
,,,00.001162000000,  48.80000,
,,,00.001164000000,  48.00000,
,,,00.001166000000,  48.80000,
,,,00.001168000000,  48.00000,
,,,00.001170000000,  48.00000,
,,,00.001172000000,  48.00000,
,,,00.001174000000,  48.00000,
,,,00.001176000000,  48.00000,
,,,00.001178000000,  48.00000,
,,,00.001180000000,  47.20000,
,,,00.001182000000,  47.20000,
,,,00.001184000000,  47.20000,
,,,00.001186000000,  47.20000,
,,,00.001188000000,  47.20000,
,,,00.001190000000,  47.20000,
,,,00.001192000000,  46.40000,
,,,00.001194000000,  47.20000,
,,,00.001196000000,  46.40000,
,,,00.001198000000,  46.40000,
,,,00.001200000000,  45.60000,
,,,00.001202000000,  45.60000,
,,,00.001204000000,  45.60000,
,,,00.001206000000,  44.80000,
,,,00.001208000000,  44.80000,
,,,00.001210000000,  44.80000,
,,,00.001212000000,  44.00000,
,,,00.001214000000,  44.00000,
,,,00.001216000000,  43.20000,
,,,00.001218000000,  43.20000,
,,,00.001220000000,  43.20000,
,,,00.001222000000,  43.20000,
,,,00.001224000000,  42.40000,
,,,00.001226000000,  42.40000,
,,,00.001228000000,  41.60000,
,,,00.001230000000,  41.60000,
,,,00.001232000000,  41.60000,
,,,00.001234000000,  40.80000,
,,,00.001236000000,  40.80000,
,,,00.001238000000,  40.00000,
,,,00.001240000000,  40.00000,
,,,00.001242000000,  39.20000,
,,,00.001244000000,  40.00000,
,,,00.001246000000,  38.40000,
,,,00.001248000000,  38.40000,
,,,00.001250000000,  37.60000,
,,,00.001252000000,  37.60000,
,,,00.001254000000,  37.60000,
,,,00.001256000000,  36.80000,
,,,00.001258000000,  35.20000,
,,,00.001260000000,  36.00000,
,,,00.001262000000,  35.20000,
,,,00.001264000000,  34.40000,
,,,00.001266000000,  34.40000,
,,,00.001268000000,  33.60000,
,,,00.001270000000,  33.60000,
,,,00.001272000000,  32.80000,
,,,00.001274000000,  32.80000,
,,,00.001276000000,  32.00000,
,,,00.001278000000,  31.20000,
,,,00.001280000000,  31.20000,
,,,00.001282000000,  30.40000,
,,,00.001284000000,  29.60000,
,,,00.001286000000,  29.60000,
,,,00.001288000000,  29.60000,
,,,00.001290000000,  28.00000,
,,,00.001292000000,  27.20000,
,,,00.001294000000,  27.20000,
,,,00.001296000000,  26.40000,
,,,00.001298000000,  26.40000,
,,,00.001300000000,  26.40000,
,,,00.001302000000,  25.60000,
,,,00.001304000000,  24.00000,
,,,00.001306000000,  24.80000,
,,,00.001308000000,  23.20000,
,,,00.001310000000,  23.20000,
,,,00.001312000000,  22.40000,
,,,00.001314000000,  22.40000,
,,,00.001316000000,  21.60000,
,,,00.001318000000,  20.00000,
,,,00.001320000000,  20.00000,
,,,00.001322000000,  19.20000,
,,,00.001324000000,  19.20000,
,,,00.001326000000,  18.40000,
,,,00.001328000000,  17.60000,
,,,00.001330000000,  16.80000,
,,,00.001332000000,  16.80000,
,,,00.001334000000,  15.20000,
,,,00.001336000000,  15.20000,
,,,00.001338000000,  14.40000,
,,,00.001340000000,  13.60000,
,,,00.001342000000,  13.60000,
,,,00.001344000000,  12.80000,
,,,00.001346000000,  12.00000,
,,,00.001348000000,  11.20000,
,,,00.001350000000,  11.20000,
,,,00.001352000000,  10.40000,
,,,00.001354000000,   9.60000,
,,,00.001356000000,   8.80000,
,,,00.001358000000,   8.80000,
,,,00.001360000000,   7.20000,
,,,00.001362000000,   7.20000,
,,,00.001364000000,   6.40000,
,,,00.001366000000,   6.40000,
,,,00.001368000000,   5.60000,
,,,00.001370000000,   4.00000,
,,,00.001372000000,   4.00000,
,,,00.001374000000,   3.20000,
,,,00.001376000000,   2.40000,
,,,00.001378000000,   1.60000,
,,,00.001380000000,   0.80000,
,,,00.001382000000,   0.80000,
,,,00.001384000000,  -0.80000,
,,,00.001386000000,  -0.80000,
,,,00.001388000000,  -1.60000,
,,,00.001390000000,  -2.40000,
,,,00.001392000000,  -3.20000,
,,,00.001394000000,  -3.20000,
,,,00.001396000000,  -4.80000,
,,,00.001398000000,  -4.80000,
,,,00.001400000000,  -6.40000,
,,,00.001402000000,  -6.40000,
,,,00.001404000000,  -7.20000,
,,,00.001406000000,  -7.20000,
,,,00.001408000000,  -8.00000,
,,,00.001410000000,  -8.80000,
,,,00.001412000000,  -9.60000,
,,,00.001414000000,  -9.60000,
,,,00.001416000000, -10.40000,
,,,00.001418000000, -11.20000,
,,,00.001420000000, -12.00000,
,,,00.001422000000, -12.00000,
,,,00.001424000000, -13.60000,
,,,00.001426000000, -13.60000,
,,,00.001428000000, -14.40000,
,,,00.001430000000, -15.20000,
,,,00.001432000000, -16.00000,
,,,00.001434000000, -16.00000,
,,,00.001436000000, -16.80000,
,,,00.001438000000, -17.60000,
,,,00.001440000000, -18.40000,
,,,00.001442000000, -18.40000,
,,,00.001444000000, -19.20000,
,,,00.001446000000, -20.00000,
,,,00.001448000000, -20.80000,
,,,00.001450000000, -20.80000,
,,,00.001452000000, -21.60000,
,,,00.001454000000, -21.60000,
,,,00.001456000000, -22.40000,
,,,00.001458000000, -23.20000,
,,,00.001460000000, -24.00000,
,,,00.001462000000, -24.80000,
,,,00.001464000000, -25.60000,
,,,00.001466000000, -25.60000,
,,,00.001468000000, -25.60000,
,,,00.001470000000, -26.40000,
,,,00.001472000000, -27.20000,
,,,00.001474000000, -28.00000,
,,,00.001476000000, -28.80000,
,,,00.001478000000, -28.80000,
,,,00.001480000000, -28.80000,
,,,00.001482000000, -29.60000,
,,,00.001484000000, -30.40000,
,,,00.001486000000, -31.20000,
,,,00.001488000000, -31.20000,
,,,00.001490000000, -31.20000,
,,,00.001492000000, -32.00000,
,,,00.001494000000, -32.80000,
,,,00.001496000000, -33.60000,
,,,00.001498000000, -33.60000,
,,,00.001500000000, -34.40000,
,,,00.001502000000, -34.40000,
,,,00.001504000000, -35.20000,
,,,00.001506000000, -35.20000,
,,,00.001508000000, -36.00000,
,,,00.001510000000, -36.00000,
,,,00.001512000000, -36.80000,
,,,00.001514000000, -36.80000,
,,,00.001516000000, -37.60000,
,,,00.001518000000, -37.60000,
,,,00.001520000000, -38.40000,
,,,00.001522000000, -38.40000,
,,,00.001524000000, -39.20000,
,,,00.001526000000, -40.00000,
,,,00.001528000000, -40.00000,
,,,00.001530000000, -40.80000,
,,,00.001532000000, -40.80000,
,,,00.001534000000, -40.80000,
,,,00.001536000000, -40.80000,
,,,00.001538000000, -41.60000,
,,,00.001540000000, -41.60000,
,,,00.001542000000, -42.40000,
,,,00.001544000000, -43.20000,
,,,00.001546000000, -43.20000,
,,,00.001548000000, -43.20000,
,,,00.001550000000, -43.20000,
,,,00.001552000000, -44.00000,
,,,00.001554000000, -44.00000,
,,,00.001556000000, -44.80000,
,,,00.001558000000, -44.80000,
,,,00.001560000000, -44.80000,
,,,00.001562000000, -44.80000,
,,,00.001564000000, -45.60000,
,,,00.001566000000, -45.60000,
,,,00.001568000000, -45.60000,
,,,00.001570000000, -46.40000,
,,,00.001572000000, -46.40000,
,,,00.001574000000, -46.40000,
,,,00.001576000000, -46.40000,
,,,00.001578000000, -46.40000,
,,,00.001580000000, -47.20000,
,,,00.001582000000, -47.20000,
,,,00.001584000000, -47.20000,
,,,00.001586000000, -48.00000,
,,,00.001588000000, -48.00000,
,,,00.001590000000, -48.00000,
,,,00.001592000000, -48.00000,
,,,00.001594000000, -48.00000,
,,,00.001596000000, -48.00000,
,,,00.001598000000, -48.00000,
,,,00.001600000000, -48.80000,
,,,00.001602000000, -48.80000,
,,,00.001604000000, -48.00000,
,,,00.001606000000, -48.80000,
,,,00.001608000000, -48.80000,
,,,00.001610000000, -48.00000,
,,,00.001612000000, -48.80000,
,,,00.001614000000, -48.80000,
,,,00.001616000000, -48.80000,
,,,00.001618000000, -48.80000,
,,,00.001620000000, -48.80000,
,,,00.001622000000, -48.80000,
,,,00.001624000000, -48.80000,
,,,00.001626000000, -48.80000,
,,,00.001628000000, -48.80000,
,,,00.001630000000, -48.80000,
,,,00.001632000000, -48.80000,
,,,00.001634000000, -48.80000,
,,,00.001636000000, -48.00000,
,,,00.001638000000, -48.00000,
,,,00.001640000000, -48.00000,
,,,00.001642000000, -48.00000,
,,,00.001644000000, -48.00000,
,,,00.001646000000, -48.00000,
,,,00.001648000000, -48.00000,
,,,00.001650000000, -47.20000,
,,,00.001652000000, -48.00000,
,,,00.001654000000, -48.00000,
,,,00.001656000000, -46.40000,
,,,00.001658000000, -48.00000,
,,,00.001660000000, -47.20000,
,,,00.001662000000, -47.20000,
,,,00.001664000000, -46.40000,
,,,00.001666000000, -46.40000,
,,,00.001668000000, -46.40000,
,,,00.001670000000, -46.40000,
,,,00.001672000000, -45.60000,
,,,00.001674000000, -45.60000,
,,,00.001676000000, -44.80000,
,,,00.001678000000, -45.60000,
,,,00.001680000000, -44.80000,
,,,00.001682000000, -44.80000,
,,,00.001684000000, -44.80000,
,,,00.001686000000, -44.00000,
,,,00.001688000000, -43.20000,
,,,00.001690000000, -44.00000,
,,,00.001692000000, -43.20000,
,,,00.001694000000, -43.20000,
,,,00.001696000000, -42.40000,
,,,00.001698000000, -42.40000,
,,,00.001700000000, -42.40000,
,,,00.001702000000, -41.60000,
,,,00.001704000000, -41.60000,
,,,00.001706000000, -41.60000,
,,,00.001708000000, -40.80000,
,,,00.001710000000, -40.80000,
,,,00.001712000000, -40.00000,
,,,00.001714000000, -40.00000,
,,,00.001716000000, -39.20000,
,,,00.001718000000, -40.00000,
,,,00.001720000000, -38.40000,
,,,00.001722000000, -38.40000,
,,,00.001724000000, -37.60000,
,,,00.001726000000, -37.60000,
,,,00.001728000000, -36.80000,
,,,00.001730000000, -36.00000,
,,,00.001732000000, -36.00000,
,,,00.001734000000, -36.00000,
,,,00.001736000000, -35.20000,
,,,00.001738000000, -34.40000,
,,,00.001740000000, -34.40000,
,,,00.001742000000, -34.40000,
,,,00.001744000000, -33.60000,
,,,00.001746000000, -32.80000,
,,,00.001748000000, -32.80000,
,,,00.001750000000, -32.80000,
,,,00.001752000000, -31.20000,
,,,00.001754000000, -31.20000,
,,,00.001756000000, -30.40000,
,,,00.001758000000, -30.40000,
,,,00.001760000000, -29.60000,
,,,00.001762000000, -28.80000,
,,,00.001764000000, -28.80000,
,,,00.001766000000, -27.20000,
,,,00.001768000000, -27.20000,
,,,00.001770000000, -26.40000,
,,,00.001772000000, -26.40000,
,,,00.001774000000, -26.40000,
,,,00.001776000000, -25.60000,
,,,00.001778000000, -24.80000,
,,,00.001780000000, -24.00000,
,,,00.001782000000, -23.20000,
,,,00.001784000000, -22.40000,
,,,00.001786000000, -22.40000,
,,,00.001788000000, -22.40000,
,,,00.001790000000, -20.80000,
,,,00.001792000000, -20.80000,
,,,00.001794000000, -20.00000,
,,,00.001796000000, -19.20000,
,,,00.001798000000, -19.20000,
,,,00.001800000000, -18.40000,
,,,00.001802000000, -17.60000,
,,,00.001804000000, -16.80000,
,,,00.001806000000, -16.00000,
,,,00.001808000000, -16.00000,
,,,00.001810000000, -15.20000,
,,,00.001812000000, -13.60000,
,,,00.001814000000, -13.60000,
,,,00.001816000000, -12.80000,
,,,00.001818000000, -12.00000,
,,,00.001820000000, -12.00000,
,,,00.001822000000, -11.20000,
,,,00.001824000000, -11.20000,
,,,00.001826000000, -11.20000,
,,,00.001828000000,  -9.60000,
,,,00.001830000000,  -8.80000,
,,,00.001832000000,  -8.00000,
,,,00.001834000000,  -8.00000,
,,,00.001836000000,  -7.20000,
,,,00.001838000000,  -7.20000,
,,,00.001840000000,  -6.40000,
,,,00.001842000000,  -5.60000,
,,,00.001844000000,  -4.80000,
,,,00.001846000000,  -4.00000,
,,,00.001848000000,  -3.20000,
,,,00.001850000000,  -2.40000,
,,,00.001852000000,  -2.40000,
,,,00.001854000000,  -1.60000,
,,,00.001856000000,  -0.80000,
,,,00.001858000000,   0.00000,
,,,00.001860000000,   0.80000,
,,,00.001862000000,   1.60000,
,,,00.001864000000,   2.40000,
,,,00.001866000000,   3.20000,
,,,00.001868000000,   3.20000,
,,,00.001870000000,   4.80000,
,,,00.001872000000,   4.80000,
,,,00.001874000000,   5.60000,
,,,00.001876000000,   6.40000,
,,,00.001878000000,   7.20000,
,,,00.001880000000,   8.00000,
,,,00.001882000000,   8.00000,
,,,00.001884000000,   8.80000,
,,,00.001886000000,   9.60000,
,,,00.001888000000,   9.60000,
,,,00.001890000000,  11.20000,
,,,00.001892000000,  11.20000,
,,,00.001894000000,  12.00000,
,,,00.001896000000,  12.00000,
,,,00.001898000000,  12.80000,
,,,00.001900000000,  13.60000,
,,,00.001902000000,  14.40000,
,,,00.001904000000,  15.20000,
,,,00.001906000000,  15.20000,
,,,00.001908000000,  16.00000,
,,,00.001910000000,  16.80000,
,,,00.001912000000,  17.60000,
,,,00.001914000000,  18.40000,
,,,00.001916000000,  18.40000,
,,,00.001918000000,  19.20000,
,,,00.001920000000,  20.00000,
,,,00.001922000000,  20.80000,
,,,00.001924000000,  20.80000,
,,,00.001926000000,  21.60000,
,,,00.001928000000,  22.40000,
,,,00.001930000000,  22.40000,
,,,00.001932000000,  23.20000,
,,,00.001934000000,  24.00000,
,,,00.001936000000,  24.00000,
,,,00.001938000000,  25.60000,
,,,00.001940000000,  25.60000,
,,,00.001942000000,  25.60000,
,,,00.001944000000,  26.40000,
,,,00.001946000000,  26.40000,
,,,00.001948000000,  28.00000,
,,,00.001950000000,  28.00000,
,,,00.001952000000,  28.80000,
,,,00.001954000000,  28.80000,
,,,00.001956000000,  29.60000,
,,,00.001958000000,  30.40000,
,,,00.001960000000,  30.40000,
,,,00.001962000000,  31.20000,
,,,00.001964000000,  32.00000,
,,,00.001966000000,  32.00000,
,,,00.001968000000,  32.80000,
,,,00.001970000000,  33.60000,
,,,00.001972000000,  34.40000,
,,,00.001974000000,  34.40000,
,,,00.001976000000,  35.20000,
,,,00.001978000000,  35.20000,
,,,00.001980000000,  35.20000,
,,,00.001982000000,  36.00000,
,,,00.001984000000,  36.00000,
,,,00.001986000000,  36.80000,
,,,00.001988000000,  37.60000,
,,,00.001990000000,  38.40000,
,,,00.001992000000,  38.40000,
,,,00.001994000000,  38.40000,
,,,00.001996000000,  39.20000,
,,,00.001998000000,  39.20000,
,,,00.002000000000,  40.00000,
,,,00.002002000000,  40.00000,
,,,00.002004000000,  40.80000,
,,,00.002006000000,  40.80000,
,,,00.002008000000,  41.60000,
,,,00.002010000000,  41.60000,
,,,00.002012000000,  41.60000,
,,,00.002014000000,  42.40000,
,,,00.002016000000,  42.40000,
,,,00.002018000000,  43.20000,
,,,00.002020000000,  43.20000,
,,,00.002022000000,  43.20000,
,,,00.002024000000,  43.20000,
,,,00.002026000000,  44.00000,
,,,00.002028000000,  44.80000,
,,,00.002030000000,  44.80000,
,,,00.002032000000,  44.80000,
,,,00.002034000000,  44.80000,
,,,00.002036000000,  45.60000,
,,,00.002038000000,  45.60000,
,,,00.002040000000,  45.60000,
,,,00.002042000000,  45.60000,
,,,00.002044000000,  46.40000,
,,,00.002046000000,  47.20000,
,,,00.002048000000,  46.40000,
,,,00.002050000000,  47.20000,
,,,00.002052000000,  47.20000,
,,,00.002054000000,  47.20000,
,,,00.002056000000,  47.20000,
,,,00.002058000000,  47.20000,
,,,00.002060000000,  48.00000,
,,,00.002062000000,  47.20000,
,,,00.002064000000,  48.00000,
,,,00.002066000000,  48.00000,
,,,00.002068000000,  48.00000,
,,,00.002070000000,  48.00000,
,,,00.002072000000,  48.00000,
,,,00.002074000000,  48.00000,
,,,00.002076000000,  48.80000,
,,,00.002078000000,  48.00000,
,,,00.002080000000,  48.80000,
,,,00.002082000000,  48.00000,
,,,00.002084000000,  48.80000,
,,,00.002086000000,  48.00000,
,,,00.002088000000,  48.80000,
,,,00.002090000000,  48.80000,
,,,00.002092000000,  48.80000,
,,,00.002094000000,  48.80000,
,,,00.002096000000,  48.80000,
,,,00.002098000000,  48.80000,
,,,00.002100000000,  48.80000,
,,,00.002102000000,  48.80000,
,,,00.002104000000,  48.80000,
,,,00.002106000000,  48.80000,
,,,00.002108000000,  48.00000,
,,,00.002110000000,  48.00000,
,,,00.002112000000,  48.00000,
,,,00.002114000000,  48.00000,
,,,00.002116000000,  48.00000,
,,,00.002118000000,  48.00000,
,,,00.002120000000,  48.00000,
,,,00.002122000000,  48.00000,
,,,00.002124000000,  48.00000,
,,,00.002126000000,  47.20000,
,,,00.002128000000,  47.20000,
,,,00.002130000000,  47.20000,
,,,00.002132000000,  47.20000,
,,,00.002134000000,  47.20000,
,,,00.002136000000,  47.20000,
,,,00.002138000000,  47.20000,
,,,00.002140000000,  46.40000,
,,,00.002142000000,  46.40000,
,,,00.002144000000,  46.40000,
,,,00.002146000000,  46.40000,
,,,00.002148000000,  45.60000,
,,,00.002150000000,  45.60000,
,,,00.002152000000,  45.60000,
,,,00.002154000000,  45.60000,
,,,00.002156000000,  44.80000,
,,,00.002158000000,  44.80000,
,,,00.002160000000,  44.80000,
,,,00.002162000000,  44.00000,
,,,00.002164000000,  44.00000,
,,,00.002166000000,  43.20000,
,,,00.002168000000,  43.20000,
,,,00.002170000000,  42.40000,
,,,00.002172000000,  42.40000,
,,,00.002174000000,  42.40000,
,,,00.002176000000,  42.40000,
,,,00.002178000000,  41.60000,
,,,00.002180000000,  40.80000,
,,,00.002182000000,  40.80000,
,,,00.002184000000,  40.80000,
,,,00.002186000000,  40.80000,
,,,00.002188000000,  40.00000,
,,,00.002190000000,  40.00000,
,,,00.002192000000,  39.20000,
,,,00.002194000000,  39.20000,
,,,00.002196000000,  38.40000,
,,,00.002198000000,  37.60000,
,,,00.002200000000,  37.60000,
,,,00.002202000000,  36.80000,
,,,00.002204000000,  36.80000,
,,,00.002206000000,  36.80000,
,,,00.002208000000,  36.00000,
,,,00.002210000000,  36.00000,
,,,00.002212000000,  34.40000,
,,,00.002214000000,  34.40000,
,,,00.002216000000,  34.40000,
,,,00.002218000000,  33.60000,
,,,00.002220000000,  32.80000,
,,,00.002222000000,  32.80000,
,,,00.002224000000,  32.00000,
,,,00.002226000000,  32.00000,
,,,00.002228000000,  31.20000,
,,,00.002230000000,  30.40000,
,,,00.002232000000,  29.60000,
,,,00.002234000000,  29.60000,
,,,00.002236000000,  29.60000,
,,,00.002238000000,  28.80000,
,,,00.002240000000,  28.00000,
,,,00.002242000000,  27.20000,
,,,00.002244000000,  27.20000,
,,,00.002246000000,  26.40000,
,,,00.002248000000,  25.60000,
,,,00.002250000000,  24.80000,
,,,00.002252000000,  24.80000,
,,,00.002254000000,  24.00000,
,,,00.002256000000,  24.00000,
,,,00.002258000000,  22.40000,
,,,00.002260000000,  22.40000,
,,,00.002262000000,  21.60000,
,,,00.002264000000,  20.80000,
,,,00.002266000000,  20.80000,
,,,00.002268000000,  20.00000,
,,,00.002270000000,  20.00000,
,,,00.002272000000,  19.20000,
,,,00.002274000000,  19.20000,
,,,00.002276000000,  18.40000,
,,,00.002278000000,  16.80000,
,,,00.002280000000,  16.80000,
,,,00.002282000000,  16.00000,
,,,00.002284000000,  16.00000,
,,,00.002286000000,  15.20000,
,,,00.002288000000,  13.60000,
,,,00.002290000000,  13.60000,
,,,00.002292000000,  12.80000,
,,,00.002294000000,  12.00000,
,,,00.002296000000,  11.20000,
,,,00.002298000000,  11.20000,
,,,00.002300000000,  10.40000,
,,,00.002302000000,   9.60000,
,,,00.002304000000,   9.60000,
,,,00.002306000000,   8.00000,
,,,00.002308000000,   8.00000,
,,,00.002310000000,   7.20000,
,,,00.002312000000,   6.40000,
,,,00.002314000000,   6.40000,
,,,00.002316000000,   5.60000,
,,,00.002318000000,   4.80000,
,,,00.002320000000,   4.00000,
,,,00.002322000000,   4.00000,
,,,00.002324000000,   2.40000,
,,,00.002326000000,   2.40000,
,,,00.002328000000,   0.80000,
,,,00.002330000000,   0.80000,
,,,00.002332000000,   0.00000,
,,,00.002334000000,   0.00000,
,,,00.002336000000,  -1.60000,
,,,00.002338000000,  -2.40000,
,,,00.002340000000,  -2.40000,
,,,00.002342000000,  -4.00000,
,,,00.002344000000,  -4.00000,
,,,00.002346000000,  -4.80000,
,,,00.002348000000,  -5.60000,
,,,00.002350000000,  -6.40000,
,,,00.002352000000,  -6.40000,
,,,00.002354000000,  -7.20000,
,,,00.002356000000,  -8.00000,
,,,00.002358000000,  -8.80000,
,,,00.002360000000,  -9.60000,
,,,00.002362000000, -10.40000,
,,,00.002364000000, -10.40000,
,,,00.002366000000, -11.20000,
,,,00.002368000000, -12.00000,
,,,00.002370000000, -12.00000,
,,,00.002372000000, -12.80000,
,,,00.002374000000, -13.60000,
,,,00.002376000000, -14.40000,
,,,00.002378000000, -14.40000,
,,,00.002380000000, -16.00000,
,,,00.002382000000, -16.00000,
,,,00.002384000000, -16.80000,
,,,00.002386000000, -16.80000,
,,,00.002388000000, -17.60000,
,,,00.002390000000, -18.40000,
,,,00.002392000000, -18.40000,
,,,00.002394000000, -20.00000,
,,,00.002396000000, -20.00000,
,,,00.002398000000, -20.80000,
,,,00.002400000000, -21.60000,
,,,00.002402000000, -21.60000,
,,,00.002404000000, -22.40000,
,,,00.002406000000, -23.20000,
,,,00.002408000000, -24.00000,
,,,00.002410000000, -24.00000,
,,,00.002412000000, -24.80000,
,,,00.002414000000, -25.60000,
,,,00.002416000000, -25.60000,
,,,00.002418000000, -26.40000,
,,,00.002420000000, -26.40000,
,,,00.002422000000, -27.20000,
,,,00.002424000000, -28.00000,
,,,00.002426000000, -28.80000,
,,,00.002428000000, -28.80000,
,,,00.002430000000, -29.60000,
,,,00.002432000000, -30.40000,
,,,00.002434000000, -31.20000,
,,,00.002436000000, -31.20000,
,,,00.002438000000, -31.20000,
,,,00.002440000000, -32.80000,
,,,00.002442000000, -32.80000,
,,,00.002444000000, -33.60000,
,,,00.002446000000, -33.60000,
,,,00.002448000000, -34.40000,
,,,00.002450000000, -34.40000,
,,,00.002452000000, -35.20000,
,,,00.002454000000, -35.20000,
,,,00.002456000000, -36.00000,
,,,00.002458000000, -36.00000,
,,,00.002460000000, -36.80000,
,,,00.002462000000, -36.80000,
,,,00.002464000000, -37.60000,
,,,00.002466000000, -37.60000,
,,,00.002468000000, -37.60000,
,,,00.002470000000, -38.40000,
,,,00.002472000000, -39.20000,
,,,00.002474000000, -39.20000,
,,,00.002476000000, -40.00000,
,,,00.002478000000, -40.80000,
,,,00.002480000000, -40.00000,
,,,00.002482000000, -40.80000,
,,,00.002484000000, -41.60000,
,,,00.002486000000, -41.60000,
,,,00.002488000000, -41.60000,
,,,00.002490000000, -42.40000,
,,,00.002492000000, -42.40000,
,,,00.002494000000, -42.40000,
,,,00.002496000000, -43.20000,
,,,00.002498000000, -43.20000,
,,,00.002500000000, -44.00000,
,,,00.002502000000, -44.80000,
,,,00.002504000000, -44.00000,
,,,00.002506000000, -44.80000,
,,,00.002508000000, -44.80000,
,,,00.002510000000, -45.60000,
,,,00.002512000000, -45.60000,
,,,00.002514000000, -45.60000,
,,,00.002516000000, -45.60000,
,,,00.002518000000, -45.60000,
,,,00.002520000000, -46.40000,
,,,00.002522000000, -46.40000,
,,,00.002524000000, -46.40000,
,,,00.002526000000, -46.40000,
,,,00.002528000000, -46.40000,
,,,00.002530000000, -47.20000,
,,,00.002532000000, -48.00000,
,,,00.002534000000, -48.00000,
,,,00.002536000000, -47.20000,
,,,00.002538000000, -47.20000,
,,,00.002540000000, -48.00000,
,,,00.002542000000, -48.00000,
,,,00.002544000000, -48.00000,
,,,00.002546000000, -48.00000,
,,,00.002548000000, -48.00000,
,,,00.002550000000, -48.00000,
,,,00.002552000000, -48.00000,
,,,00.002554000000, -48.80000,
,,,00.002556000000, -48.80000,
,,,00.002558000000, -48.80000,
,,,00.002560000000, -48.80000,
,,,00.002562000000, -48.80000,
,,,00.002564000000, -48.80000,
,,,00.002566000000, -48.80000,
,,,00.002568000000, -48.80000,
,,,00.002570000000, -48.80000,
,,,00.002572000000, -48.80000,
,,,00.002574000000, -48.80000,
,,,00.002576000000, -48.80000,
,,,00.002578000000, -48.80000,
,,,00.002580000000, -48.80000,
,,,00.002582000000, -48.80000,
,,,00.002584000000, -48.80000,
,,,00.002586000000, -48.80000,
,,,00.002588000000, -48.00000,
,,,00.002590000000, -48.00000,
,,,00.002592000000, -48.00000,
,,,00.002594000000, -48.00000,
,,,00.002596000000, -48.00000,
,,,00.002598000000, -48.00000,
,,,00.002600000000, -48.00000,
,,,00.002602000000, -47.20000,
,,,00.002604000000, -48.00000,
,,,00.002606000000, -47.20000,
,,,00.002608000000, -47.20000,
,,,00.002610000000, -47.20000,
,,,00.002612000000, -46.40000,
,,,00.002614000000, -46.40000,
,,,00.002616000000, -46.40000,
,,,00.002618000000, -46.40000,
,,,00.002620000000, -45.60000,
,,,00.002622000000, -45.60000,
,,,00.002624000000, -46.40000,
,,,00.002626000000, -44.80000,
,,,00.002628000000, -44.80000,
,,,00.002630000000, -44.80000,
,,,00.002632000000, -44.80000,
,,,00.002634000000, -44.00000,
,,,00.002636000000, -44.00000,
,,,00.002638000000, -43.20000,
,,,00.002640000000, -44.00000,
,,,00.002642000000, -43.20000,
,,,00.002644000000, -42.40000,
,,,00.002646000000, -42.40000,
,,,00.002648000000, -41.60000,
,,,00.002650000000, -41.60000,
,,,00.002652000000, -41.60000,
,,,00.002654000000, -40.80000,
,,,00.002656000000, -40.80000,
,,,00.002658000000, -40.80000,
,,,00.002660000000, -40.00000,
,,,00.002662000000, -40.00000,
,,,00.002664000000, -39.20000,
,,,00.002666000000, -40.00000,
,,,00.002668000000, -38.40000,
,,,00.002670000000, -38.40000,
,,,00.002672000000, -38.40000,
,,,00.002674000000, -37.60000,
,,,00.002676000000, -36.80000,
,,,00.002678000000, -36.80000,
,,,00.002680000000, -36.00000,
,,,00.002682000000, -36.00000,
,,,00.002684000000, -36.00000,
,,,00.002686000000, -34.40000,
,,,00.002688000000, -34.40000,
,,,00.002690000000, -34.40000,
,,,00.002692000000, -33.60000,
,,,00.002694000000, -32.80000,
,,,00.002696000000, -32.80000,
,,,00.002698000000, -32.00000,
,,,00.002700000000, -32.00000,
,,,00.002702000000, -31.20000,
,,,00.002704000000, -31.20000,
,,,00.002706000000, -30.40000,
,,,00.002708000000, -29.60000,
,,,00.002710000000, -29.60000,
,,,00.002712000000, -28.80000,
,,,00.002714000000, -28.00000,
,,,00.002716000000, -27.20000,
,,,00.002718000000, -27.20000,
